source_run,model_label,serving_mode,source_file,model,isl,osl,prefix,concurrency,request_rate,bs,global_bs,ttft,tpot,request_latency,seq/s,seq/s/gpu,tokens/s,tokens/s/gpu,tokens/s/user,num_total_gpus,tp,pp,dp,moe_tp,moe_ep,parallel,gemm,kvcache,fmha,moe,comm,memory,balance_score,num_ctx_reqs,num_gen_reqs,num_tokens,ctx_tokens,gen_tokens,backend,version,system,power_w,tokens/s/gpu_cluster,(p)bs,(p)global_bs,(p)workers,(d)bs,(d)global_bs,(d)workers,(p)seq/s/worker,(d)seq/s/worker,(p)tp,(p)pp,(p)dp,(p)moe_tp,(p)moe_ep,(p)parallel,(p)gemm,(p)kvcache,(p)fmha,(p)moe,(p)comm,(p)memory,(p)backend,(p)version,(p)system,(d)tp,(d)pp,(d)dp,(d)moe_tp,(d)moe_ep,(d)parallel,(d)gemm,(d)kvcache,(d)fmha,(d)moe,(d)comm,(d)memory,(d)backend,(d)version,(d)system,(e)workers,(e)tp,(e)pp,(e)parallel,(e)memory,backend_label,satisfies_sla,cluster_total_gpus,raw_candidate_tps,cluster_tps_72gpu,output_token_throughput_72gpu,per_gpu_throughput_72gpu,per_gpu_output_token_throughput,per_user_tps,plot_label,is_model_pareto_frontier
glm_trtllm,GLM-5 NVFP4,disagg,glm_trtllm/nvidia/GLM-5-NVFP4_gb300_trtllm_isl4000_osl1000_ttft2000_tpot30_444043/disagg/pareto.csv,nvidia/GLM-5-NVFP4,4000,1000,0,2432,74.785,,,847.705,29.948,30765.757,74.785,1.039,74784.96,1038.68,33.391,72,,,,,,,,,,,,,,,,,,,,,,0.0,1038.68,1.0,1.0,20.0,76.0,608.0,4.0,4.247,20.322,1.0,2.0,1.0,1.0,1.0,tp1pp2dp1etp1ep1,nvfp4,fp8,bfloat16,nvfp4,half,207.116,trtllm,1.3.0rc10,gb300,1.0,1.0,8.0,1.0,8.0,tp1pp1dp8etp1ep8,nvfp4,fp8,bfloat16,nvfp4,half,79.623,trtllm,1.3.0rc10,gb300,0.0,0.0,0.0,,0.0,trtllm,True,72,74784.96,74784.96,74784.96,1038.68,1038.68,33.391,GLM-5 NVFP4 / trtllm / disagg,True
glm_vllm,GLM-5 NVFP4,disagg,glm_vllm/nvidia/GLM-5-NVFP4_gb300_vllm_isl4000_osl1000_ttft2000_tpot30_894333/disagg/pareto.csv,nvidia/GLM-5-NVFP4,4000,1000,0,2304,69.887,,,834.554,29.441,30246.113,69.887,0.971,69886.8,970.65,33.966,72,,,,,,,,,,,,,,,,,,,,,,0.0,970.65,1.0,2.0,18.0,64.0,256.0,9.0,4.314,8.704,1.0,1.0,2.0,1.0,2.0,tp1pp1dp2etp1ep2,nvfp4,fp8,bfloat16,nvfp4,half,209.774,vllm,0.19.0,gb300,1.0,1.0,4.0,1.0,4.0,tp1pp1dp4etp1ep4,nvfp4,fp8,bfloat16,nvfp4,half,125.617,vllm,0.19.0,gb300,0.0,0.0,0.0,,0.0,vllm,True,72,69886.8,69886.8,69886.8,970.65,970.65,33.966,GLM-5 NVFP4 / vllm / disagg,True
glm_trtllm,GLM-5 NVFP4,disagg,glm_trtllm/nvidia/GLM-5-NVFP4_gb300_trtllm_isl4000_osl1000_ttft2000_tpot30_444043/disagg/pareto.csv,nvidia/GLM-5-NVFP4,4000,1000,0,816,22.934,,,847.705,29.277,30095.428,22.934,0.956,22933.8,955.575,34.157,24,,,,,,,,,,,,,,,,,,,,,,0.0,955.5750000000002,1.0,1.0,6.0,68.0,272.0,3.0,4.247,9.3,1.0,2.0,1.0,1.0,1.0,tp1pp2dp1etp1ep1,nvfp4,fp8,bfloat16,nvfp4,half,207.116,trtllm,1.3.0rc10,gb300,1.0,1.0,4.0,1.0,4.0,tp1pp1dp4etp1ep4,nvfp4,fp8,bfloat16,nvfp4,half,126.739,trtllm,1.3.0rc10,gb300,0.0,0.0,0.0,,0.0,trtllm,True,72,22933.8,68801.40000000001,68801.40000000001,955.5750000000002,955.5750000000002,34.157,GLM-5 NVFP4 / trtllm / disagg,True
glm_trtllm,GLM-5 NVFP4,disagg,glm_trtllm/nvidia/GLM-5-NVFP4_gb300_trtllm_isl4000_osl1000_ttft2000_tpot30_444043/disagg/pareto.csv,nvidia/GLM-5-NVFP4,4000,1000,0,1760,61.157,,,847.705,24.874,25696.831,61.157,0.849,61156.8,849.4,40.203,72,,,,,,,,,,,,,,,,,,,,,,0.0,849.4,1.0,1.0,16.0,44.0,352.0,5.0,4.247,14.166,1.0,2.0,1.0,1.0,1.0,tp1pp2dp1etp1ep1,nvfp4,fp8,bfloat16,nvfp4,half,207.116,trtllm,1.3.0rc10,gb300,1.0,1.0,8.0,1.0,8.0,tp1pp1dp8etp1ep8,nvfp4,fp8,bfloat16,nvfp4,half,70.65,trtllm,1.3.0rc10,gb300,0.0,0.0,0.0,,0.0,trtllm,True,72,61156.8,61156.799999999996,61156.799999999996,849.4,849.4,40.203,GLM-5 NVFP4 / trtllm / disagg,True
glm_vllm,GLM-5 NVFP4,disagg,glm_vllm/nvidia/GLM-5-NVFP4_gb300_vllm_isl4000_osl1000_ttft2000_tpot30_894333/disagg/pareto.csv,nvidia/GLM-5-NVFP4,4000,1000,0,1280,46.591,,,834.554,24.411,25221.143,46.591,0.728,46591.2,727.988,40.965,64,,,,,,,,,,,,,,,,,,,,,,0.0,647.1004444444445,1.0,2.0,12.0,32.0,256.0,5.0,4.314,10.497,1.0,1.0,2.0,1.0,2.0,tp1pp1dp2etp1ep2,nvfp4,fp8,bfloat16,nvfp4,half,209.774,vllm,0.19.0,gb300,1.0,1.0,8.0,1.0,8.0,tp1pp1dp8etp1ep8,nvfp4,fp8,bfloat16,nvfp4,half,67.285,vllm,0.19.0,gb300,0.0,0.0,0.0,,0.0,vllm,True,72,46591.2,46591.232,46591.232,647.1004444444445,647.1004444444445,40.965,GLM-5 NVFP4 / vllm / disagg,True
glm_trtllm,GLM-5 NVFP4,agg,glm_trtllm/nvidia/GLM-5-NVFP4_gb300_trtllm_isl4000_osl1000_ttft2000_tpot30_444043/agg/pareto.csv,nvidia/GLM-5-NVFP4,4000,1000,0,128,5.059,16.0,128.0,1490.215,23.684,25150.199,5.059,0.632,5054.299,631.787,42.223,8,1.0,1.0,8.0,1.0,8.0,tp1pp1dp8etp1ep8,nvfp4,fp8,bfloat16,nvfp4,half,69.412,0.016,1.0,15.0,4015.0,4000.0,15.0,trtllm,1.3.0rc10,gb300,0.0,631.787,,,,,,,,,,,,,,,,,,,,,,,,,,,,,,,,,,,,,,,,,,,,trtllm,True,72,5054.299,45488.664000000004,45488.664000000004,631.787,631.787,42.223,GLM-5 NVFP4 / trtllm / agg,True
glm_trtllm,GLM-5 NVFP4,disagg,glm_trtllm/nvidia/GLM-5-NVFP4_gb300_trtllm_isl4000_osl1000_ttft2000_tpot30_444043/disagg/pareto.csv,nvidia/GLM-5-NVFP4,4000,1000,0,320,14.981,,,847.705,19.671,20499.034,14.981,0.624,14981.28,624.22,50.836,24,,,,,,,,,,,,,,,,,,,,,,0.0,624.22,1.0,1.0,4.0,20.0,160.0,2.0,4.247,8.142,1.0,2.0,1.0,1.0,1.0,tp1pp2dp1etp1ep1,nvfp4,fp8,bfloat16,nvfp4,half,207.116,trtllm,1.3.0rc10,gb300,1.0,1.0,8.0,2.0,4.0,tp1pp1dp8etp2ep4,nvfp4,fp8,bfloat16,nvfp4,half,63.92,trtllm,1.3.0rc10,gb300,0.0,0.0,0.0,,0.0,trtllm,True,72,14981.28,44943.840000000004,44943.840000000004,624.22,624.22,50.836,GLM-5 NVFP4 / trtllm / disagg,True
glm_trtllm,GLM-5 NVFP4,disagg,glm_trtllm/nvidia/GLM-5-NVFP4_gb300_trtllm_isl4000_osl1000_ttft2000_tpot30_444043/disagg/pareto.csv,nvidia/GLM-5-NVFP4,4000,1000,0,288,14.299,,,847.705,18.55,19379.155,14.299,0.596,14298.64,595.777,53.908,24,,,,,,,,,,,,,,,,,,,,,,0.0,595.777,1.0,1.0,4.0,18.0,144.0,2.0,4.247,7.771,1.0,2.0,1.0,1.0,1.0,tp1pp2dp1etp1ep1,nvfp4,fp8,bfloat16,nvfp4,half,207.116,trtllm,1.3.0rc10,gb300,1.0,1.0,8.0,1.0,8.0,tp1pp1dp8etp1ep8,nvfp4,fp8,bfloat16,nvfp4,half,63.359,trtllm,1.3.0rc10,gb300,0.0,0.0,0.0,,0.0,trtllm,True,72,14298.64,42895.944,42895.944,595.777,595.777,53.908,GLM-5 NVFP4 / trtllm / disagg,True
glm_trtllm,GLM-5 NVFP4,disagg,glm_trtllm/nvidia/GLM-5-NVFP4_gb300_trtllm_isl4000_osl1000_ttft2000_tpot30_444043/disagg/pareto.csv,nvidia/GLM-5-NVFP4,4000,1000,0,768,39.496,,,847.705,17.906,18735.799,39.496,0.549,39495.6,548.55,55.846,72,,,,,,,,,,,,,,,,,,,,,,0.0,548.55,1.0,1.0,12.0,16.0,128.0,6.0,4.247,7.155,1.0,2.0,1.0,1.0,1.0,tp1pp2dp1etp1ep1,nvfp4,fp8,bfloat16,nvfp4,half,207.116,trtllm,1.3.0rc10,gb300,1.0,1.0,8.0,1.0,8.0,tp1pp1dp8etp1ep8,nvfp4,fp8,bfloat16,nvfp4,half,62.798,trtllm,1.3.0rc10,gb300,0.0,0.0,0.0,,0.0,trtllm,True,72,39495.6,39495.6,39495.6,548.55,548.55,55.846,GLM-5 NVFP4 / trtllm / disagg,True
glm_trtllm,GLM-5 NVFP4,disagg,glm_trtllm/nvidia/GLM-5-NVFP4_gb300_trtllm_isl4000_osl1000_ttft2000_tpot30_444043/disagg/pareto.csv,nvidia/GLM-5-NVFP4,4000,1000,0,560,30.435,,,847.705,16.944,17774.761,30.435,0.423,30435.44,422.714,59.019,72,,,,,,,,,,,,,,,,,,,,,,0.0,422.714,1.0,1.0,8.0,80.0,80.0,7.0,4.247,4.726,1.0,2.0,1.0,1.0,1.0,tp1pp2dp1etp1ep1,nvfp4,fp8,bfloat16,nvfp4,half,207.116,trtllm,1.3.0rc10,gb300,8.0,1.0,1.0,1.0,8.0,tp8pp1dp1etp1ep8,nvfp4,fp8,bfloat16,nvfp4,half,78.226,trtllm,1.3.0rc10,gb300,0.0,0.0,0.0,,0.0,trtllm,True,72,30435.44,30435.408,30435.408,422.714,422.714,59.019,GLM-5 NVFP4 / trtllm / disagg,True
glm_trtllm,GLM-5 NVFP4,disagg,glm_trtllm/nvidia/GLM-5-NVFP4_gb300_trtllm_isl4000_osl1000_ttft2000_tpot30_444043/disagg/pareto.csv,nvidia/GLM-5-NVFP4,4000,1000,0,532,29.032,,,847.705,16.875,17705.83,29.032,0.403,29031.52,403.216,59.26,72,,,,,,,,,,,,,,,,,,,,,,0.0,403.216,1.0,1.0,8.0,76.0,76.0,7.0,4.247,4.508,1.0,2.0,1.0,1.0,1.0,tp1pp2dp1etp1ep1,nvfp4,fp8,bfloat16,nvfp4,half,207.116,trtllm,1.3.0rc10,gb300,8.0,1.0,1.0,2.0,4.0,tp8pp1dp1etp2ep4,nvfp4,fp8,bfloat16,nvfp4,half,77.105,trtllm,1.3.0rc10,gb300,0.0,0.0,0.0,,0.0,trtllm,True,72,29031.52,29031.552,29031.552,403.216,403.216,59.26,GLM-5 NVFP4 / trtllm / disagg,True
glm_trtllm,GLM-5 NVFP4,disagg,glm_trtllm/nvidia/GLM-5-NVFP4_gb300_trtllm_isl4000_osl1000_ttft2000_tpot30_444043/disagg/pareto.csv,nvidia/GLM-5-NVFP4,4000,1000,0,476,27.615,,,847.705,15.873,16704.832,27.615,0.384,27614.72,383.538,63.0,72,,,,,,,,,,,,,,,,,,,,,,0.0,383.538,1.0,1.0,8.0,68.0,68.0,7.0,4.247,4.288,1.0,2.0,1.0,1.0,1.0,tp1pp2dp1etp1ep1,nvfp4,fp8,bfloat16,nvfp4,half,207.116,trtllm,1.3.0rc10,gb300,8.0,1.0,1.0,1.0,8.0,tp8pp1dp1etp1ep8,nvfp4,fp8,bfloat16,nvfp4,half,74.862,trtllm,1.3.0rc10,gb300,0.0,0.0,0.0,,0.0,trtllm,True,72,27614.72,27614.736,27614.736,383.538,383.538,63.0,GLM-5 NVFP4 / trtllm / disagg,True
glm_trtllm,GLM-5 NVFP4,agg,glm_trtllm/nvidia/GLM-5-NVFP4_gb300_trtllm_isl4000_osl1000_ttft2000_tpot30_444043/agg/pareto.csv,nvidia/GLM-5-NVFP4,4000,1000,0,32,1.918,4.0,32.0,1149.755,15.043,16177.514,1.918,0.24,1916.519,239.565,66.477,8,1.0,1.0,8.0,1.0,8.0,tp1pp1dp8etp1ep8,nvfp4,fp8,bfloat16,nvfp4,half,66.047,0.004,1.0,3.0,4003.0,4000.0,3.0,trtllm,1.3.0rc10,gb300,0.0,239.565,,,,,,,,,,,,,,,,,,,,,,,,,,,,,,,,,,,,,,,,,,,,trtllm,True,72,1916.519,17248.68,17248.68,239.565,239.565,66.477,GLM-5 NVFP4 / trtllm / agg,True
glm_trtllm,GLM-5 NVFP4,agg,glm_trtllm/nvidia/GLM-5-NVFP4_gb300_trtllm_isl4000_osl1000_ttft2000_tpot30_444043/agg/pareto.csv,nvidia/GLM-5-NVFP4,4000,1000,0,14,0.874,14.0,14.0,870.636,14.869,15724.306,0.874,0.219,873.516,218.379,67.256,4,4.0,1.0,1.0,2.0,2.0,tp4pp1dp1etp2ep2,nvfp4,fp8,bfloat16,nvfp4,half,112.607,0.007,2.0,12.0,8012.0,8000.0,12.0,trtllm,1.3.0rc10,gb300,0.0,218.379,,,,,,,,,,,,,,,,,,,,,,,,,,,,,,,,,,,,,,,,,,,,trtllm,True,72,873.516,15723.287999999999,15723.287999999999,218.379,218.379,67.256,GLM-5 NVFP4 / trtllm / agg,True
glm_trtllm,GLM-5 NVFP4,disagg,glm_trtllm/nvidia/GLM-5-NVFP4_gb300_trtllm_isl4000_osl1000_ttft2000_tpot30_444043/disagg/pareto.csv,nvidia/GLM-5-NVFP4,4000,1000,0,224,14.986,,,847.705,13.763,14596.942,14.986,0.234,14985.88,234.154,72.656,64,,,,,,,,,,,,,,,,,,,,,,0.0,208.13688888888888,1.0,1.0,4.0,32.0,32.0,7.0,4.247,2.327,1.0,2.0,1.0,1.0,1.0,tp1pp2dp1etp1ep1,nvfp4,fp8,bfloat16,nvfp4,half,207.116,trtllm,1.3.0rc10,gb300,8.0,1.0,1.0,1.0,8.0,tp8pp1dp1etp1ep8,nvfp4,fp8,bfloat16,nvfp4,half,64.767,trtllm,1.3.0rc10,gb300,0.0,0.0,0.0,,0.0,trtllm,True,72,14985.88,14985.856,14985.856,208.13688888888888,208.13688888888888,72.656,GLM-5 NVFP4 / trtllm / disagg,True
glm_trtllm,GLM-5 NVFP4,disagg,glm_trtllm/nvidia/GLM-5-NVFP4_gb300_trtllm_isl4000_osl1000_ttft2000_tpot30_444043/disagg/pareto.csv,nvidia/GLM-5-NVFP4,4000,1000,0,176,12.674,,,847.705,12.786,13620.919,12.674,0.176,12673.92,176.027,78.211,72,,,,,,,,,,,,,,,,,,,,,,0.0,176.027,1.0,1.0,4.0,22.0,22.0,8.0,4.247,1.722,1.0,2.0,1.0,1.0,1.0,tp1pp2dp1etp1ep1,nvfp4,fp8,bfloat16,nvfp4,half,207.116,trtllm,1.3.0rc10,gb300,8.0,1.0,1.0,1.0,8.0,tp8pp1dp1etp1ep8,nvfp4,fp8,bfloat16,nvfp4,half,61.963,trtllm,1.3.0rc10,gb300,0.0,0.0,0.0,,0.0,trtllm,True,72,12673.92,12673.944,12673.944,176.027,176.027,78.211,GLM-5 NVFP4 / trtllm / disagg,True
glm_trtllm,GLM-5 NVFP4,agg,glm_trtllm/nvidia/GLM-5-NVFP4_gb300_trtllm_isl4000_osl1000_ttft2000_tpot30_444043/agg/pareto.csv,nvidia/GLM-5-NVFP4,4000,1000,0,8,0.587,8.0,8.0,810.691,12.471,13268.749,0.587,0.147,586.806,146.701,80.189,4,4.0,1.0,1.0,2.0,2.0,tp4pp1dp1etp2ep2,nvfp4,fp8,bfloat16,nvfp4,half,110.924,0.004,2.0,6.0,8006.0,8000.0,6.0,trtllm,1.3.0rc10,gb300,0.0,146.701,,,,,,,,,,,,,,,,,,,,,,,,,,,,,,,,,,,,,,,,,,,,trtllm,True,72,586.806,10562.472,10562.472,146.701,146.701,80.189,GLM-5 NVFP4 / trtllm / agg,True
glm_trtllm,GLM-5 NVFP4,disagg,glm_trtllm/nvidia/GLM-5-NVFP4_gb300_trtllm_isl4000_osl1000_ttft2000_tpot30_444043/disagg/pareto.csv,nvidia/GLM-5-NVFP4,4000,1000,0,128,9.914,,,847.705,11.893,12728.812,9.914,0.138,9913.92,137.693,84.085,72,,,,,,,,,,,,,,,,,,,,,,0.0,137.693,1.0,1.0,4.0,16.0,16.0,8.0,4.247,1.347,1.0,2.0,1.0,1.0,1.0,tp1pp2dp1etp1ep1,nvfp4,fp8,bfloat16,nvfp4,half,207.116,trtllm,1.3.0rc10,gb300,8.0,1.0,1.0,1.0,8.0,tp8pp1dp1etp1ep8,nvfp4,fp8,bfloat16,nvfp4,half,60.281,trtllm,1.3.0rc10,gb300,0.0,0.0,0.0,,0.0,trtllm,True,72,9913.92,9913.896,9913.896,137.693,137.693,84.085,GLM-5 NVFP4 / trtllm / disagg,True
glm_trtllm,GLM-5 NVFP4,agg,glm_trtllm/nvidia/GLM-5-NVFP4_gb300_trtllm_isl4000_osl1000_ttft2000_tpot30_444043/agg/pareto.csv,nvidia/GLM-5-NVFP4,4000,1000,0,6,0.477,6.0,6.0,790.851,11.811,12590.325,0.477,0.119,476.527,119.132,84.665,4,4.0,1.0,1.0,2.0,2.0,tp4pp1dp1etp2ep2,nvfp4,fp8,bfloat16,nvfp4,half,110.364,0.003,2.0,4.0,8004.0,8000.0,4.0,trtllm,1.3.0rc10,gb300,0.0,119.132,,,,,,,,,,,,,,,,,,,,,,,,,,,,,,,,,,,,,,,,,,,,trtllm,True,72,476.527,8577.504,8577.504,119.132,119.132,84.665,GLM-5 NVFP4 / trtllm / agg,True
glm_trtllm,GLM-5 NVFP4,agg,glm_trtllm/nvidia/GLM-5-NVFP4_gb300_trtllm_isl4000_osl1000_ttft2000_tpot30_444043/agg/pareto.csv,nvidia/GLM-5-NVFP4,4000,1000,0,11,0.863,11.0,11.0,751.29,11.73,12469.878,0.863,0.108,862.326,107.791,85.249,8,8.0,1.0,1.0,2.0,4.0,tp8pp1dp1etp2ep4,nvfp4,fp8,bfloat16,nvfp4,half,60.992,0.006,2.0,9.0,8009.0,8000.0,9.0,trtllm,1.3.0rc10,gb300,0.0,107.791,,,,,,,,,,,,,,,,,,,,,,,,,,,,,,,,,,,,,,,,,,,,trtllm,True,72,862.326,7760.951999999999,7760.951999999999,107.791,107.791,85.249,GLM-5 NVFP4 / trtllm / agg,True
glm_trtllm,GLM-5 NVFP4,agg,glm_trtllm/nvidia/GLM-5-NVFP4_gb300_trtllm_isl4000_osl1000_ttft2000_tpot30_444043/agg/pareto.csv,nvidia/GLM-5-NVFP4,4000,1000,0,5,0.411,5.0,5.0,470.275,11.518,11977.169,0.411,0.103,410.919,102.73,86.818,4,4.0,1.0,1.0,2.0,2.0,tp4pp1dp1etp2ep2,nvfp4,fp8,bfloat16,nvfp4,half,110.083,0.005,1.0,4.0,4004.0,4000.0,4.0,trtllm,1.3.0rc10,gb300,0.0,102.73,,,,,,,,,,,,,,,,,,,,,,,,,,,,,,,,,,,,,,,,,,,,trtllm,True,72,410.919,7396.56,7396.56,102.73,102.73,86.818,GLM-5 NVFP4 / trtllm / agg,True
glm_trtllm,GLM-5 NVFP4,agg,glm_trtllm/nvidia/GLM-5-NVFP4_gb300_trtllm_isl4000_osl1000_ttft2000_tpot30_444043/agg/pareto.csv,nvidia/GLM-5-NVFP4,4000,1000,0,10,0.817,10.0,10.0,733.726,11.222,11944.225,0.817,0.102,816.428,102.053,89.113,8,8.0,1.0,1.0,2.0,4.0,tp8pp1dp1etp2ep4,nvfp4,fp8,bfloat16,nvfp4,half,60.712,0.005,2.0,8.0,8008.0,8000.0,8.0,trtllm,1.3.0rc10,gb300,0.0,102.053,,,,,,,,,,,,,,,,,,,,,,,,,,,,,,,,,,,,,,,,,,,,trtllm,True,72,816.428,7347.816,7347.816,102.053,102.053,89.113,GLM-5 NVFP4 / trtllm / agg,True
glm_trtllm,GLM-5 NVFP4,agg,glm_trtllm/nvidia/GLM-5-NVFP4_gb300_trtllm_isl4000_osl1000_ttft2000_tpot30_444043/agg/pareto.csv,nvidia/GLM-5-NVFP4,4000,1000,0,9,0.746,9.0,9.0,733.538,11.054,11776.465,0.746,0.093,744.983,93.123,90.465,8,8.0,1.0,1.0,2.0,4.0,tp8pp1dp1etp2ep4,nvfp4,fp8,bfloat16,nvfp4,half,60.431,0.004,2.0,7.0,8007.0,8000.0,7.0,trtllm,1.3.0rc10,gb300,0.0,93.123,,,,,,,,,,,,,,,,,,,,,,,,,,,,,,,,,,,,,,,,,,,,trtllm,True,72,744.983,6704.856000000001,6704.856000000001,93.123,93.123,90.465,GLM-5 NVFP4 / trtllm / agg,True
glm_trtllm,GLM-5 NVFP4,agg,glm_trtllm/nvidia/GLM-5-NVFP4_gb300_trtllm_isl4000_osl1000_ttft2000_tpot30_444043/agg/pareto.csv,nvidia/GLM-5-NVFP4,4000,1000,0,8,0.693,8.0,8.0,715.889,10.524,11229.23,0.693,0.087,692.552,86.569,95.022,8,8.0,1.0,1.0,2.0,4.0,tp8pp1dp1etp2ep4,nvfp4,fp8,bfloat16,nvfp4,half,60.151,0.004,2.0,6.0,8006.0,8000.0,6.0,trtllm,1.3.0rc10,gb300,0.0,86.569,,,,,,,,,,,,,,,,,,,,,,,,,,,,,,,,,,,,,,,,,,,,trtllm,True,72,692.552,6232.968,6232.968,86.569,86.569,95.022,GLM-5 NVFP4 / trtllm / agg,True
glm_trtllm,GLM-5 NVFP4,agg,glm_trtllm/nvidia/GLM-5-NVFP4_gb300_trtllm_isl4000_osl1000_ttft2000_tpot30_444043/agg/pareto.csv,nvidia/GLM-5-NVFP4,4000,1000,0,7,0.612,7.0,7.0,715.705,10.417,11122.622,0.612,0.077,611.626,76.453,95.994,8,8.0,1.0,1.0,2.0,4.0,tp8pp1dp1etp2ep4,nvfp4,fp8,bfloat16,nvfp4,half,59.87,0.004,2.0,5.0,8005.0,8000.0,5.0,trtllm,1.3.0rc10,gb300,0.0,76.453,,,,,,,,,,,,,,,,,,,,,,,,,,,,,,,,,,,,,,,,,,,,trtllm,True,72,611.626,5504.616,5504.616,76.453,76.453,95.994,GLM-5 NVFP4 / trtllm / agg,True
glm_trtllm,GLM-5 NVFP4,agg,glm_trtllm/nvidia/GLM-5-NVFP4_gb300_trtllm_isl4000_osl1000_ttft2000_tpot30_444043/agg/pareto.csv,nvidia/GLM-5-NVFP4,4000,1000,0,6,0.547,6.0,6.0,698.07,10.289,10976.868,0.547,0.068,546.57,68.321,97.19,8,8.0,1.0,1.0,2.0,4.0,tp8pp1dp1etp2ep4,nvfp4,fp8,bfloat16,nvfp4,half,59.59,0.003,2.0,4.0,8004.0,8000.0,4.0,trtllm,1.3.0rc10,gb300,0.0,68.321,,,,,,,,,,,,,,,,,,,,,,,,,,,,,,,,,,,,,,,,,,,,trtllm,True,72,546.57,4919.112,4919.112,68.321,68.321,97.19,GLM-5 NVFP4 / trtllm / agg,True
glm_trtllm,GLM-5 NVFP4,agg,glm_trtllm/nvidia/GLM-5-NVFP4_gb300_trtllm_isl4000_osl1000_ttft2000_tpot30_444043/agg/pareto.csv,nvidia/GLM-5-NVFP4,4000,1000,0,5,0.464,5.0,5.0,441.495,10.172,10603.665,0.464,0.058,463.679,57.96,98.306,8,8.0,1.0,1.0,4.0,2.0,tp8pp1dp1etp4ep2,nvfp4,fp8,bfloat16,nvfp4,half,60.31,0.005,1.0,4.0,4004.0,4000.0,4.0,trtllm,1.3.0rc10,gb300,0.0,57.96,,,,,,,,,,,,,,,,,,,,,,,,,,,,,,,,,,,,,,,,,,,,trtllm,True,72,463.679,4173.12,4173.12,57.96,57.96,98.306,GLM-5 NVFP4 / trtllm / agg,True
glm_trtllm,GLM-5 NVFP4,agg,glm_trtllm/nvidia/GLM-5-NVFP4_gb300_trtllm_isl4000_osl1000_ttft2000_tpot30_444043/agg/pareto.csv,nvidia/GLM-5-NVFP4,4000,1000,0,5,0.461,5.0,5.0,730.159,10.126,10846.259,0.461,0.058,460.958,57.62,98.753,8,8.0,1.0,1.0,4.0,2.0,tp8pp1dp1etp4ep2,nvfp4,fp8,bfloat16,nvfp4,half,60.31,0.002,2.0,3.0,8003.0,8000.0,3.0,trtllm,1.3.0rc10,gb300,0.0,57.61999999999999,,,,,,,,,,,,,,,,,,,,,,,,,,,,,,,,,,,,,,,,,,,,trtllm,True,72,460.958,4148.639999999999,4148.639999999999,57.61999999999999,57.61999999999999,98.753,GLM-5 NVFP4 / trtllm / agg,True
glm_trtllm,GLM-5 NVFP4,agg,glm_trtllm/nvidia/GLM-5-NVFP4_gb300_trtllm_isl4000_osl1000_ttft2000_tpot30_444043/agg/pareto.csv,nvidia/GLM-5-NVFP4,4000,1000,0,4,0.392,4.0,4.0,711.776,9.848,10550.288,0.392,0.049,391.629,48.954,101.54,8,8.0,1.0,1.0,4.0,2.0,tp8pp1dp1etp4ep2,nvfp4,fp8,bfloat16,nvfp4,half,60.029,0.002,2.0,2.0,8002.0,8000.0,2.0,trtllm,1.3.0rc10,gb300,0.0,48.954,,,,,,,,,,,,,,,,,,,,,,,,,,,,,,,,,,,,,,,,,,,,trtllm,True,72,391.629,3524.688,3524.688,48.954,48.954,101.54,GLM-5 NVFP4 / trtllm / agg,True
glm_trtllm,GLM-5 NVFP4,agg,glm_trtllm/nvidia/GLM-5-NVFP4_gb300_trtllm_isl4000_osl1000_ttft2000_tpot30_444043/agg/pareto.csv,nvidia/GLM-5-NVFP4,4000,1000,0,4,0.389,4.0,4.0,430.847,9.694,10114.916,0.389,0.049,388.142,48.518,103.159,8,8.0,1.0,1.0,4.0,2.0,tp8pp1dp1etp4ep2,nvfp4,fp8,bfloat16,nvfp4,half,60.029,0.004,1.0,3.0,4003.0,4000.0,3.0,trtllm,1.3.0rc10,gb300,0.0,48.518,,,,,,,,,,,,,,,,,,,,,,,,,,,,,,,,,,,,,,,,,,,,trtllm,True,72,388.142,3493.2960000000003,3493.2960000000003,48.518,48.518,103.159,GLM-5 NVFP4 / trtllm / agg,True
glm_trtllm,GLM-5 NVFP4,agg,glm_trtllm/nvidia/GLM-5-NVFP4_gb300_trtllm_isl4000_osl1000_ttft2000_tpot30_444043/agg/pareto.csv,nvidia/GLM-5-NVFP4,4000,1000,0,3,0.314,3.0,3.0,420.205,9.145,9556.277,0.314,0.039,313.916,39.24,109.347,8,8.0,1.0,1.0,4.0,2.0,tp8pp1dp1etp4ep2,nvfp4,fp8,bfloat16,nvfp4,half,59.749,0.003,1.0,2.0,4002.0,4000.0,2.0,trtllm,1.3.0rc10,gb300,0.0,39.24,,,,,,,,,,,,,,,,,,,,,,,,,,,,,,,,,,,,,,,,,,,,trtllm,True,72,313.916,2825.28,2825.28,39.24,39.24,109.347,GLM-5 NVFP4 / trtllm / agg,True
glm_trtllm,GLM-5 NVFP4,agg,glm_trtllm/nvidia/GLM-5-NVFP4_gb300_trtllm_isl4000_osl1000_ttft2000_tpot30_444043/agg/pareto.csv,nvidia/GLM-5-NVFP4,4000,1000,0,2,0.227,2.0,2.0,409.352,8.594,8995.222,0.227,0.028,227.154,28.394,116.354,8,8.0,1.0,1.0,4.0,2.0,tp8pp1dp1etp4ep2,nvfp4,fp8,bfloat16,nvfp4,half,59.468,0.002,1.0,1.0,4001.0,4000.0,1.0,trtllm,1.3.0rc10,gb300,0.0,28.394,,,,,,,,,,,,,,,,,,,,,,,,,,,,,,,,,,,,,,,,,,,,trtllm,True,72,227.154,2044.368,2044.368,28.394,28.394,116.354,GLM-5 NVFP4 / trtllm / agg,True
glm_trtllm,GLM-5 NVFP4,agg,glm_trtllm/nvidia/GLM-5-NVFP4_gb300_trtllm_isl4000_osl1000_ttft2000_tpot30_444043/agg/pareto.csv,nvidia/GLM-5-NVFP4,4000,1000,0,1,0.127,1.0,1.0,391.276,7.679,8062.823,0.127,0.016,126.817,15.852,130.221,8,8.0,1.0,1.0,4.0,2.0,tp8pp1dp1etp4ep2,nvfp4,fp8,bfloat16,nvfp4,half,59.188,0.001,1.0,1.0,4000.0,4000.0,1.0,trtllm,1.3.0rc10,gb300,0.0,15.852,,,,,,,,,,,,,,,,,,,,,,,,,,,,,,,,,,,,,,,,,,,,trtllm,True,72,126.817,1141.344,1141.344,15.852,15.852,130.221,GLM-5 NVFP4 / trtllm / agg,True
kimi,Kimi K2.5 NVFP4,disagg,kimi/nvidia/Kimi-K2.5-NVFP4_gb300_auto_isl4000_osl1000_ttft2000_tpot30_922181/disagg/pareto.csv,nvidia/Kimi-K2.5-NVFP4,4000,1000,0,4608,146.026,,,440.825,29.061,29472.764,146.026,2.028,146026.08,2028.14,34.411,72,,,,,,,,,,,,,,,,,,,sglang,,,0.0,2028.1400000000003,1.0,4.0,10.0,144.0,1152.0,4.0,16.333,39.681,1.0,1.0,4.0,1.0,4.0,tp1pp1dp4etp1ep4,nvfp4,fp8,bfloat16,nvfp4,half,160.846,sglang,0.5.10,gb300,1.0,1.0,8.0,2.0,4.0,tp1pp1dp8etp2ep4,nvfp4,fp8,fp8,nvfp4,half,107.936,sglang,0.5.10,gb300,0.0,0.0,0.0,,0.0,sglang,True,72,146026.08,146026.08000000002,146026.08000000002,2028.1400000000003,2028.1400000000003,34.411,Kimi K2.5 NVFP4 / sglang / disagg,True
kimi,Kimi K2.5 NVFP4,disagg,kimi/nvidia/Kimi-K2.5-NVFP4_gb300_auto_isl4000_osl1000_ttft2000_tpot30_922181/disagg/pareto.csv,nvidia/Kimi-K2.5-NVFP4,4000,1000,0,3840,141.812,,,440.825,24.936,25351.889,141.812,1.97,141812.48,1969.618,40.102,72,,,,,,,,,,,,,,,,,,,sglang,,,0.0,1969.6179999999997,1.0,4.0,10.0,120.0,960.0,4.0,16.333,38.536,1.0,1.0,4.0,1.0,4.0,tp1pp1dp4etp1ep4,nvfp4,fp8,bfloat16,nvfp4,half,160.846,sglang,0.5.10,gb300,1.0,1.0,8.0,1.0,8.0,tp1pp1dp8etp1ep8,nvfp4,fp8,fp8,nvfp4,half,103.741,sglang,0.5.10,gb300,0.0,0.0,0.0,,0.0,sglang,True,72,141812.48,141812.49599999998,141812.49599999998,1969.6179999999997,1969.6179999999997,40.102,Kimi K2.5 NVFP4 / sglang / disagg,True
kimi,Kimi K2.5 NVFP4,disagg,kimi/nvidia/Kimi-K2.5-NVFP4_gb300_auto_isl4000_osl1000_ttft2000_tpot30_922181/disagg/pareto.csv,nvidia/Kimi-K2.5-NVFP4,4000,1000,0,2720,117.598,,,440.825,19.816,20237.009,117.598,1.633,117597.6,1633.3,50.464,72,,,,,,,,,,,,,,,,,,,sglang,,,0.0,1633.3,1.0,4.0,8.0,68.0,544.0,5.0,16.333,27.48,1.0,1.0,4.0,1.0,4.0,tp1pp1dp4etp1ep4,nvfp4,fp8,bfloat16,nvfp4,half,160.846,sglang,0.5.10,gb300,1.0,1.0,8.0,1.0,8.0,tp1pp1dp8etp1ep8,nvfp4,fp8,fp8,nvfp4,half,95.155,sglang,0.5.10,gb300,0.0,0.0,0.0,,0.0,sglang,True,72,117597.6,117597.59999999999,117597.59999999999,1633.3,1633.3,50.464,Kimi K2.5 NVFP4 / sglang / disagg,True
kimi,Kimi K2.5 NVFP4,agg,kimi/nvidia/Kimi-K2.5-NVFP4_gb300_auto_isl4000_osl1000_ttft2000_tpot30_922181/agg/pareto.csv,nvidia/Kimi-K2.5-NVFP4,4000,1000,0,224,10.532,28.0,224.0,1384.863,19.698,21063.557,10.532,1.316,10521.452,1315.181,50.766,8,1.0,1.0,8.0,1.0,8.0,tp1pp1dp8etp1ep8,nvfp4,fp8,bfloat16,nvfp4,half,107.14,0.014,2.0,26.0,8026.0,8000.0,26.0,sglang,0.5.10,gb300,0.0,1315.181,,,,,,,,,,,,,,,,,,,,,,,,,,,,,,,,,,,,,,,,,,,,sglang,True,72,10521.452,94693.032,94693.032,1315.181,1315.181,50.766,Kimi K2.5 NVFP4 / sglang / agg,True
kimi,Kimi K2.5 NVFP4,agg,kimi/nvidia/Kimi-K2.5-NVFP4_gb300_auto_isl4000_osl1000_ttft2000_tpot30_922181/agg/pareto.csv,nvidia/Kimi-K2.5-NVFP4,4000,1000,0,192,9.97,24.0,192.0,806.526,18.52,19307.913,9.97,1.246,9960.093,1245.012,53.996,8,1.0,1.0,8.0,1.0,8.0,tp1pp1dp8etp1ep8,nvfp4,fp8,bfloat16,nvfp4,half,97.143,0.024,1.0,23.0,4023.0,4000.0,23.0,sglang,0.5.10,gb300,0.0,1245.012,,,,,,,,,,,,,,,,,,,,,,,,,,,,,,,,,,,,,,,,,,,,sglang,True,72,9960.093,89640.864,89640.864,1245.012,1245.012,53.996,Kimi K2.5 NVFP4 / sglang / agg,True
kimi,Kimi K2.5 NVFP4,disagg,kimi/nvidia/Kimi-K2.5-NVFP4_gb300_auto_isl4000_osl1000_ttft2000_tpot30_922181/disagg/pareto.csv,nvidia/Kimi-K2.5-NVFP4,4000,1000,0,1760,88.198,,,440.825,17.95,18372.875,88.198,1.378,88198.2,1378.097,55.71,64,,,,,,,,,,,,,,,,,,,sglang,,,0.0,1224.9751111111111,1.0,4.0,6.0,44.0,352.0,5.0,16.333,19.629,1.0,1.0,4.0,1.0,4.0,tp1pp1dp4etp1ep4,nvfp4,fp8,bfloat16,nvfp4,half,160.846,sglang,0.5.10,gb300,1.0,1.0,8.0,2.0,4.0,tp1pp1dp8etp2ep4,nvfp4,fp8,fp8,nvfp4,half,91.228,sglang,0.5.10,gb300,0.0,0.0,0.0,,0.0,sglang,True,72,88198.2,88198.208,88198.208,1224.9751111111111,1224.9751111111111,55.71,Kimi K2.5 NVFP4 / sglang / disagg,True
kimi,Kimi K2.5 NVFP4,disagg,kimi/nvidia/Kimi-K2.5-NVFP4_gb300_auto_isl4000_osl1000_ttft2000_tpot30_922181/disagg/pareto.csv,nvidia/Kimi-K2.5-NVFP4,4000,1000,0,480,29.399,,,440.825,14.741,15167.084,29.399,1.225,29399.4,1224.975,67.837,24,,,,,,,,,,,,,,,,,,,sglang,,,0.0,1224.975,1.0,4.0,2.0,30.0,120.0,4.0,16.333,8.149,1.0,1.0,4.0,1.0,4.0,tp1pp1dp4etp1ep4,nvfp4,fp8,bfloat16,nvfp4,half,160.846,sglang,0.5.10,gb300,1.0,1.0,4.0,4.0,1.0,tp1pp1dp4etp4ep1,nvfp4,fp8,fp8,nvfp4,half,156.491,sglang,0.5.10,gb300,0.0,0.0,0.0,,0.0,sglang,True,72,29399.4,88198.2,88198.2,1224.975,1224.975,67.837,Kimi K2.5 NVFP4 / sglang / disagg,True
kimi,Kimi K2.5 NVFP4,disagg,kimi/nvidia/Kimi-K2.5-NVFP4_gb300_auto_isl4000_osl1000_ttft2000_tpot30_922181/disagg/pareto.csv,nvidia/Kimi-K2.5-NVFP4,4000,1000,0,416,27.869,,,440.825,13.747,14174.078,27.869,1.161,27868.64,1161.193,72.742,24,,,,,,,,,,,,,,,,,,,sglang,,,0.0,1161.193,1.0,4.0,2.0,26.0,104.0,4.0,16.333,7.573,1.0,1.0,4.0,1.0,4.0,tp1pp1dp4etp1ep4,nvfp4,fp8,bfloat16,nvfp4,half,160.846,sglang,0.5.10,gb300,1.0,1.0,4.0,4.0,1.0,tp1pp1dp4etp4ep1,nvfp4,fp8,fp8,nvfp4,half,155.836,sglang,0.5.10,gb300,0.0,0.0,0.0,,0.0,sglang,True,72,27868.64,83605.896,83605.896,1161.193,1161.193,72.742,Kimi K2.5 NVFP4 / sglang / disagg,True
kimi,Kimi K2.5 NVFP4,agg,kimi/nvidia/Kimi-K2.5-NVFP4_gb300_auto_isl4000_osl1000_ttft2000_tpot30_922181/agg/pareto.csv,nvidia/Kimi-K2.5-NVFP4,4000,1000,0,64,4.268,16.0,64.0,1538.069,12.985,14509.894,4.268,1.067,4263.362,1065.841,77.013,4,1.0,1.0,4.0,4.0,1.0,tp1pp1dp4etp4ep1,nvfp4,fp8,bfloat16,nvfp4,half,208.139,0.008,2.0,14.0,8014.0,8000.0,14.0,sglang,0.5.10,gb300,0.0,1065.841,,,,,,,,,,,,,,,,,,,,,,,,,,,,,,,,,,,,,,,,,,,,sglang,True,72,4263.362,76740.552,76740.552,1065.841,1065.841,77.013,Kimi K2.5 NVFP4 / sglang / agg,True
kimi,Kimi K2.5 NVFP4,disagg,kimi/nvidia/Kimi-K2.5-NVFP4_gb300_auto_isl4000_osl1000_ttft2000_tpot30_922181/disagg/pareto.csv,nvidia/Kimi-K2.5-NVFP4,4000,1000,0,832,73.498,,,440.825,10.371,10801.454,73.498,1.021,73498.5,1020.812,96.426,72,,,,,,,,,,,,,,,,,,,sglang,,,0.0,1020.812,1.0,4.0,5.0,16.0,64.0,13.0,16.333,6.177,1.0,1.0,4.0,1.0,4.0,tp1pp1dp4etp1ep4,nvfp4,fp8,bfloat16,nvfp4,half,160.846,sglang,0.5.10,gb300,1.0,1.0,4.0,4.0,1.0,tp1pp1dp4etp4ep1,nvfp4,fp8,fp8,nvfp4,half,154.2,sglang,0.5.10,gb300,0.0,0.0,0.0,,0.0,sglang,True,72,73498.5,73498.464,73498.464,1020.812,1020.812,96.426,Kimi K2.5 NVFP4 / sglang / disagg,True
kimi,Kimi K2.5 NVFP4,disagg,kimi/nvidia/Kimi-K2.5-NVFP4_gb300_auto_isl4000_osl1000_ttft2000_tpot30_922181/disagg/pareto.csv,nvidia/Kimi-K2.5-NVFP4,4000,1000,0,728,68.387,,,440.825,9.804,10235.021,68.387,0.95,68387.28,949.823,102.002,72,,,,,,,,,,,,,,,,,,,sglang,,,0.0,949.823,1.0,4.0,5.0,14.0,56.0,13.0,16.333,5.718,1.0,1.0,4.0,1.0,4.0,tp1pp1dp4etp1ep4,nvfp4,fp8,bfloat16,nvfp4,half,160.846,sglang,0.5.10,gb300,1.0,1.0,4.0,4.0,1.0,tp1pp1dp4etp4ep1,nvfp4,fp8,fp8,nvfp4,half,153.872,sglang,0.5.10,gb300,0.0,0.0,0.0,,0.0,sglang,True,72,68387.28,68387.256,68387.256,949.823,949.823,102.002,Kimi K2.5 NVFP4 / sglang / disagg,True
kimi,Kimi K2.5 NVFP4,agg,kimi/nvidia/Kimi-K2.5-NVFP4_gb300_auto_isl4000_osl1000_ttft2000_tpot30_922181/agg/pareto.csv,nvidia/Kimi-K2.5-NVFP4,4000,1000,0,40,3.482,10.0,40.0,1434.763,9.468,10892.86,3.482,0.87,3478.163,869.541,105.624,4,1.0,1.0,4.0,4.0,1.0,tp1pp1dp4etp4ep1,nvfp4,fp8,bfloat16,nvfp4,half,207.117,0.005,2.0,8.0,8008.0,8000.0,8.0,sglang,0.5.10,gb300,0.0,869.541,,,,,,,,,,,,,,,,,,,,,,,,,,,,,,,,,,,,,,,,,,,,sglang,True,72,3478.163,62606.952000000005,62606.952000000005,869.541,869.541,105.624,Kimi K2.5 NVFP4 / sglang / agg,True
kimi,Kimi K2.5 NVFP4,agg,kimi/nvidia/Kimi-K2.5-NVFP4_gb300_auto_isl4000_osl1000_ttft2000_tpot30_922181/agg/pareto.csv,nvidia/Kimi-K2.5-NVFP4,4000,1000,0,36,3.194,9.0,36.0,1434.635,9.251,10676.16,3.194,0.798,3190.419,797.605,108.099,4,1.0,1.0,4.0,4.0,1.0,tp1pp1dp4etp4ep1,nvfp4,fp8,bfloat16,nvfp4,half,206.946,0.004,2.0,7.0,8007.0,8000.0,7.0,sglang,0.5.10,gb300,0.0,797.605,,,,,,,,,,,,,,,,,,,,,,,,,,,,,,,,,,,,,,,,,,,,sglang,True,72,3190.419,57427.56,57427.56,797.605,797.605,108.099,Kimi K2.5 NVFP4 / sglang / agg,True
kimi,Kimi K2.5 NVFP4,agg,kimi/nvidia/Kimi-K2.5-NVFP4_gb300_auto_isl4000_osl1000_ttft2000_tpot30_922181/agg/pareto.csv,nvidia/Kimi-K2.5-NVFP4,4000,1000,0,32,3.097,8.0,32.0,1400.352,8.307,9698.671,3.097,0.774,3094.376,773.594,120.386,4,1.0,1.0,4.0,4.0,1.0,tp1pp1dp4etp4ep1,nvfp4,fp8,bfloat16,nvfp4,half,206.776,0.004,2.0,6.0,8006.0,8000.0,6.0,sglang,0.5.10,gb300,0.0,773.594,,,,,,,,,,,,,,,,,,,,,,,,,,,,,,,,,,,,,,,,,,,,sglang,True,72,3094.376,55698.768000000004,55698.768000000004,773.594,773.594,120.386,Kimi K2.5 NVFP4 / sglang / agg,True
kimi,Kimi K2.5 NVFP4,agg,kimi/nvidia/Kimi-K2.5-NVFP4_gb300_auto_isl4000_osl1000_ttft2000_tpot30_922181/agg/pareto.csv,nvidia/Kimi-K2.5-NVFP4,4000,1000,0,28,2.756,7.0,28.0,1400.227,8.135,9527.068,2.756,0.689,2753.235,688.309,122.926,4,1.0,1.0,4.0,4.0,1.0,tp1pp1dp4etp4ep1,nvfp4,fp8,bfloat16,nvfp4,half,206.605,0.004,2.0,5.0,8005.0,8000.0,5.0,sglang,0.5.10,gb300,0.0,688.309,,,,,,,,,,,,,,,,,,,,,,,,,,,,,,,,,,,,,,,,,,,,sglang,True,72,2753.235,49558.248,49558.248,688.309,688.309,122.926,Kimi K2.5 NVFP4 / sglang / agg,True
kimi,Kimi K2.5 NVFP4,agg,kimi/nvidia/Kimi-K2.5-NVFP4_gb300_auto_isl4000_osl1000_ttft2000_tpot30_922181/agg/pareto.csv,nvidia/Kimi-K2.5-NVFP4,4000,1000,0,24,2.565,6.0,24.0,1365.953,8.007,9365.052,2.565,0.641,2562.348,640.587,124.889,4,1.0,1.0,4.0,4.0,1.0,tp1pp1dp4etp4ep1,nvfp4,fp8,bfloat16,nvfp4,half,206.435,0.003,2.0,4.0,8004.0,8000.0,4.0,sglang,0.5.10,gb300,0.0,640.587,,,,,,,,,,,,,,,,,,,,,,,,,,,,,,,,,,,,,,,,,,,,sglang,True,72,2562.348,46122.263999999996,46122.263999999996,640.587,640.587,124.889,Kimi K2.5 NVFP4 / sglang / agg,True
kimi,Kimi K2.5 NVFP4,disagg,kimi/nvidia/Kimi-K2.5-NVFP4_gb300_auto_isl4000_osl1000_ttft2000_tpot30_922181/disagg/pareto.csv,nvidia/Kimi-K2.5-NVFP4,4000,1000,0,360,41.883,,,440.825,7.916,8348.909,41.883,0.582,41883.0,581.708,126.33,72,,,,,,,,,,,,,,,,,,,sglang,,,0.0,581.708,1.0,4.0,3.0,6.0,24.0,15.0,16.333,3.035,1.0,1.0,4.0,1.0,4.0,tp1pp1dp4etp1ep4,nvfp4,fp8,bfloat16,nvfp4,half,160.846,sglang,0.5.10,gb300,1.0,1.0,4.0,4.0,1.0,tp1pp1dp4etp4ep1,nvfp4,fp8,fp8,nvfp4,half,152.564,sglang,0.5.10,gb300,0.0,0.0,0.0,,0.0,sglang,True,72,41883.0,41882.975999999995,41882.975999999995,581.708,581.708,126.33,Kimi K2.5 NVFP4 / sglang / disagg,True
kimi,Kimi K2.5 NVFP4,agg,kimi/nvidia/Kimi-K2.5-NVFP4_gb300_auto_isl4000_osl1000_ttft2000_tpot30_922181/agg/pareto.csv,nvidia/Kimi-K2.5-NVFP4,4000,1000,0,20,2.191,5.0,20.0,1365.831,7.777,9135.049,2.191,0.548,2189.044,547.261,128.584,4,1.0,1.0,4.0,4.0,1.0,tp1pp1dp4etp4ep1,nvfp4,fp8,bfloat16,nvfp4,half,206.265,0.002,2.0,3.0,8003.0,8000.0,3.0,sglang,0.5.10,gb300,0.0,547.261,,,,,,,,,,,,,,,,,,,,,,,,,,,,,,,,,,,,,,,,,,,,sglang,True,72,2189.044,39402.792,39402.792,547.261,547.261,128.584,Kimi K2.5 NVFP4 / sglang / agg,True
kimi,Kimi K2.5 NVFP4,agg,kimi/nvidia/Kimi-K2.5-NVFP4_gb300_auto_isl4000_osl1000_ttft2000_tpot30_922181/agg/pareto.csv,nvidia/Kimi-K2.5-NVFP4,4000,1000,0,16,1.932,4.0,16.0,1331.567,7.607,8931.451,1.932,0.483,1929.796,482.449,131.449,4,1.0,1.0,4.0,4.0,1.0,tp1pp1dp4etp4ep1,nvfp4,fp8,bfloat16,nvfp4,half,206.094,0.002,2.0,2.0,8002.0,8000.0,2.0,sglang,0.5.10,gb300,0.0,482.449,,,,,,,,,,,,,,,,,,,,,,,,,,,,,,,,,,,,,,,,,,,,sglang,True,72,1929.796,34736.328,34736.328,482.449,482.449,131.449,Kimi K2.5 NVFP4 / sglang / agg,True
kimi,Kimi K2.5 NVFP4,agg,kimi/nvidia/Kimi-K2.5-NVFP4_gb300_auto_isl4000_osl1000_ttft2000_tpot30_922181/agg/pareto.csv,nvidia/Kimi-K2.5-NVFP4,4000,1000,0,16,1.842,4.0,16.0,914.947,7.372,8279.174,1.842,0.46,1839.688,459.922,135.656,4,1.0,1.0,4.0,4.0,1.0,tp1pp1dp4etp4ep1,nvfp4,fp8,bfloat16,nvfp4,half,179.078,0.004,1.0,3.0,4003.0,4000.0,3.0,sglang,0.5.10,gb300,0.0,459.9220000000001,,,,,,,,,,,,,,,,,,,,,,,,,,,,,,,,,,,,,,,,,,,,sglang,True,72,1839.688,33114.384000000005,33114.384000000005,459.9220000000001,459.9220000000001,135.656,Kimi K2.5 NVFP4 / sglang / agg,True
kimi,Kimi K2.5 NVFP4,agg,kimi/nvidia/Kimi-K2.5-NVFP4_gb300_auto_isl4000_osl1000_ttft2000_tpot30_922181/agg/pareto.csv,nvidia/Kimi-K2.5-NVFP4,4000,1000,0,12,1.492,3.0,12.0,892.532,7.166,8051.602,1.492,0.373,1490.223,372.556,139.543,4,1.0,1.0,4.0,4.0,1.0,tp1pp1dp4etp4ep1,nvfp4,fp8,bfloat16,nvfp4,half,178.907,0.003,1.0,2.0,4002.0,4000.0,2.0,sglang,0.5.10,gb300,0.0,372.556,,,,,,,,,,,,,,,,,,,,,,,,,,,,,,,,,,,,,,,,,,,,sglang,True,72,1490.223,26824.032,26824.032,372.556,372.556,139.543,Kimi K2.5 NVFP4 / sglang / agg,True
kimi,Kimi K2.5 NVFP4,disagg,kimi/nvidia/Kimi-K2.5-NVFP4_gb300_auto_isl4000_osl1000_ttft2000_tpot30_922181/disagg/pareto.csv,nvidia/Kimi-K2.5-NVFP4,4000,1000,0,65,8.57,,,176.162,6.987,7156.175,8.57,0.357,8569.8,357.075,143.127,24,,,,,,,,,,,,,,,,,,,sglang,,,0.0,357.075,1.0,1.0,1.0,13.0,13.0,5.0,10.218,1.863,4.0,1.0,1.0,1.0,4.0,tp4pp1dp1etp1ep4,nvfp4,fp8,bfloat16,nvfp4,half,148.147,sglang,0.5.10,gb300,4.0,1.0,1.0,4.0,1.0,tp4pp1dp1etp4ep1,nvfp4,fp8,fp8,nvfp4,half,147.274,sglang,0.5.10,gb300,0.0,0.0,0.0,,0.0,sglang,True,72,8569.8,25709.399999999998,25709.399999999998,357.075,357.075,143.127,Kimi K2.5 NVFP4 / sglang / disagg,True
kimi,Kimi K2.5 NVFP4,agg,kimi/nvidia/Kimi-K2.5-NVFP4_gb300_auto_isl4000_osl1000_ttft2000_tpot30_922181/agg/pareto.csv,nvidia/Kimi-K2.5-NVFP4,4000,1000,0,10,1.274,10.0,10.0,792.961,6.737,7523.548,1.274,0.318,1272.625,318.156,148.427,4,4.0,1.0,1.0,4.0,1.0,tp4pp1dp1etp4ep1,nvfp4,fp8,bfloat16,nvfp4,half,161.582,0.005,2.0,8.0,8008.0,8000.0,8.0,sglang,0.5.10,gb300,0.0,318.156,,,,,,,,,,,,,,,,,,,,,,,,,,,,,,,,,,,,,,,,,,,,sglang,True,72,1272.625,22907.232,22907.232,318.156,318.156,148.427,Kimi K2.5 NVFP4 / sglang / agg,True
kimi,Kimi K2.5 NVFP4,agg,kimi/nvidia/Kimi-K2.5-NVFP4_gb300_auto_isl4000_osl1000_ttft2000_tpot30_922181/agg/pareto.csv,nvidia/Kimi-K2.5-NVFP4,4000,1000,0,9,1.169,9.0,9.0,792.92,6.587,7372.907,1.169,0.292,1167.73,291.932,151.824,4,4.0,1.0,1.0,4.0,1.0,tp4pp1dp1etp4ep1,nvfp4,fp8,bfloat16,nvfp4,half,161.416,0.004,2.0,7.0,8007.0,8000.0,7.0,sglang,0.5.10,gb300,0.0,291.932,,,,,,,,,,,,,,,,,,,,,,,,,,,,,,,,,,,,,,,,,,,,sglang,True,72,1167.73,21019.104,21019.104,291.932,291.932,151.824,Kimi K2.5 NVFP4 / sglang / agg,True
kimi,Kimi K2.5 NVFP4,agg,kimi/nvidia/Kimi-K2.5-NVFP4_gb300_auto_isl4000_osl1000_ttft2000_tpot30_922181/agg/pareto.csv,nvidia/Kimi-K2.5-NVFP4,4000,1000,0,8,1.106,8.0,8.0,774.0,6.12,6887.9,1.106,0.276,1104.731,276.183,163.398,4,4.0,1.0,1.0,4.0,1.0,tp4pp1dp1etp4ep1,nvfp4,fp8,bfloat16,nvfp4,half,161.251,0.004,2.0,6.0,8006.0,8000.0,6.0,sglang,0.5.10,gb300,0.0,276.183,,,,,,,,,,,,,,,,,,,,,,,,,,,,,,,,,,,,,,,,,,,,sglang,True,72,1104.731,19885.176,19885.176,276.183,276.183,163.398,Kimi K2.5 NVFP4 / sglang / agg,True
kimi,Kimi K2.5 NVFP4,agg,kimi/nvidia/Kimi-K2.5-NVFP4_gb300_auto_isl4000_osl1000_ttft2000_tpot30_922181/agg/pareto.csv,nvidia/Kimi-K2.5-NVFP4,4000,1000,0,7,0.979,7.0,7.0,773.96,6.036,6803.998,0.979,0.245,977.961,244.49,165.671,4,4.0,1.0,1.0,4.0,1.0,tp4pp1dp1etp4ep1,nvfp4,fp8,bfloat16,nvfp4,half,161.085,0.004,2.0,5.0,8005.0,8000.0,5.0,sglang,0.5.10,gb300,0.0,244.49,,,,,,,,,,,,,,,,,,,,,,,,,,,,,,,,,,,,,,,,,,,,sglang,True,72,977.961,17603.28,17603.28,244.49,244.49,165.671,Kimi K2.5 NVFP4 / sglang / agg,True
kimi,Kimi K2.5 NVFP4,agg,kimi/nvidia/Kimi-K2.5-NVFP4_gb300_auto_isl4000_osl1000_ttft2000_tpot30_922181/agg/pareto.csv,nvidia/Kimi-K2.5-NVFP4,4000,1000,0,6,0.888,6.0,6.0,755.044,6.01,6759.454,0.888,0.222,887.547,221.887,166.378,4,4.0,1.0,1.0,4.0,1.0,tp4pp1dp1etp4ep1,nvfp4,fp8,bfloat16,nvfp4,half,160.92,0.003,2.0,4.0,8004.0,8000.0,4.0,sglang,0.5.10,gb300,0.0,221.887,,,,,,,,,,,,,,,,,,,,,,,,,,,,,,,,,,,,,,,,,,,,sglang,True,72,887.547,15975.864,15975.864,221.887,221.887,166.378,Kimi K2.5 NVFP4 / sglang / agg,True
kimi,Kimi K2.5 NVFP4,agg,kimi/nvidia/Kimi-K2.5-NVFP4_gb300_auto_isl4000_osl1000_ttft2000_tpot30_922181/agg/pareto.csv,nvidia/Kimi-K2.5-NVFP4,4000,1000,0,5,0.754,5.0,5.0,473.876,5.973,6441.338,0.754,0.188,753.112,188.278,167.408,4,4.0,1.0,1.0,4.0,1.0,tp4pp1dp1etp4ep1,nvfp4,fp8,bfloat16,nvfp4,half,153.263,0.005,1.0,4.0,4004.0,4000.0,4.0,sglang,0.5.10,gb300,0.0,188.278,,,,,,,,,,,,,,,,,,,,,,,,,,,,,,,,,,,,,,,,,,,,sglang,True,72,753.112,13556.016,13556.016,188.278,188.278,167.408,Kimi K2.5 NVFP4 / sglang / agg,True
kimi,Kimi K2.5 NVFP4,agg,kimi/nvidia/Kimi-K2.5-NVFP4_gb300_auto_isl4000_osl1000_ttft2000_tpot30_922181/agg/pareto.csv,nvidia/Kimi-K2.5-NVFP4,4000,1000,0,5,0.752,5.0,5.0,755.005,5.905,6653.68,0.752,0.188,751.379,187.845,169.36,4,4.0,1.0,1.0,4.0,1.0,tp4pp1dp1etp4ep1,nvfp4,fp8,bfloat16,nvfp4,half,160.754,0.002,2.0,3.0,8003.0,8000.0,3.0,sglang,0.5.10,gb300,0.0,187.845,,,,,,,,,,,,,,,,,,,,,,,,,,,,,,,,,,,,,,,,,,,,sglang,True,72,751.379,13524.84,13524.84,187.845,187.845,169.36,Kimi K2.5 NVFP4 / sglang / agg,True
kimi,Kimi K2.5 NVFP4,agg,kimi/nvidia/Kimi-K2.5-NVFP4_gb300_auto_isl4000_osl1000_ttft2000_tpot30_922181/agg/pareto.csv,nvidia/Kimi-K2.5-NVFP4,4000,1000,0,4,0.645,4.0,4.0,736.092,5.83,6559.904,0.645,0.161,644.382,161.095,171.537,4,4.0,1.0,1.0,4.0,1.0,tp4pp1dp1etp4ep1,nvfp4,fp8,bfloat16,nvfp4,half,160.589,0.002,2.0,2.0,8002.0,8000.0,2.0,sglang,0.5.10,gb300,0.0,161.095,,,,,,,,,,,,,,,,,,,,,,,,,,,,,,,,,,,,,,,,,,,,sglang,True,72,644.382,11598.84,11598.84,161.095,161.095,171.537,Kimi K2.5 NVFP4 / sglang / agg,True
kimi,Kimi K2.5 NVFP4,agg,kimi/nvidia/Kimi-K2.5-NVFP4_gb300_auto_isl4000_osl1000_ttft2000_tpot30_922181/agg/pareto.csv,nvidia/Kimi-K2.5-NVFP4,4000,1000,0,4,0.631,4.0,4.0,462.489,5.678,6134.864,0.631,0.158,630.5,157.625,176.117,4,4.0,1.0,1.0,4.0,1.0,tp4pp1dp1etp4ep1,nvfp4,fp8,bfloat16,nvfp4,half,153.098,0.004,1.0,3.0,4003.0,4000.0,3.0,sglang,0.5.10,gb300,0.0,157.625,,,,,,,,,,,,,,,,,,,,,,,,,,,,,,,,,,,,,,,,,,,,sglang,True,72,630.5,11349.0,11349.0,157.625,157.625,176.117,Kimi K2.5 NVFP4 / sglang / agg,True
kimi,Kimi K2.5 NVFP4,agg,kimi/nvidia/Kimi-K2.5-NVFP4_gb300_auto_isl4000_osl1000_ttft2000_tpot30_922181/agg/pareto.csv,nvidia/Kimi-K2.5-NVFP4,4000,1000,0,3,0.514,3.0,3.0,177.987,5.666,5837.894,0.514,0.129,513.869,128.467,176.505,4,4.0,1.0,1.0,1.0,4.0,tp4pp1dp1etp1ep4,nvfp4,fp8,bfloat16,nvfp4,half,148.508,0.003,1.0,2.0,4002.0,4000.0,2.0,sglang,0.5.10,gb300,0.0,128.467,,,,,,,,,,,,,,,,,,,,,,,,,,,,,,,,,,,,,,,,,,,,sglang,True,72,513.869,9249.624000000002,9249.624000000002,128.467,128.467,176.505,Kimi K2.5 NVFP4 / sglang / agg,True
kimi,Kimi K2.5 NVFP4,agg,kimi/nvidia/Kimi-K2.5-NVFP4_gb300_auto_isl4000_osl1000_ttft2000_tpot30_922181/agg/pareto.csv,nvidia/Kimi-K2.5-NVFP4,4000,1000,0,3,0.494,3.0,3.0,451.107,5.637,6082.576,0.494,0.123,493.176,123.294,177.396,4,4.0,1.0,1.0,4.0,1.0,tp4pp1dp1etp4ep1,nvfp4,fp8,bfloat16,nvfp4,half,152.932,0.003,1.0,2.0,4002.0,4000.0,2.0,sglang,0.5.10,gb300,0.0,123.294,,,,,,,,,,,,,,,,,,,,,,,,,,,,,,,,,,,,,,,,,,,,sglang,True,72,493.176,8877.168,8877.168,123.294,123.294,177.396,Kimi K2.5 NVFP4 / sglang / agg,True
kimi,Kimi K2.5 NVFP4,agg,kimi/nvidia/Kimi-K2.5-NVFP4_gb300_auto_isl4000_osl1000_ttft2000_tpot30_922181/agg/pareto.csv,nvidia/Kimi-K2.5-NVFP4,4000,1000,0,5,0.861,5.0,5.0,153.886,5.603,5750.959,0.861,0.108,860.361,107.545,178.486,8,8.0,1.0,1.0,2.0,4.0,tp8pp1dp1etp2ep4,nvfp4,fp8,bfloat16,nvfp4,half,80.148,0.005,1.0,4.0,4004.0,4000.0,4.0,sglang,0.5.10,gb300,0.0,107.545,,,,,,,,,,,,,,,,,,,,,,,,,,,,,,,,,,,,,,,,,,,,sglang,True,72,860.361,7743.24,7743.24,107.545,107.545,178.486,Kimi K2.5 NVFP4 / sglang / agg,True
kimi,Kimi K2.5 NVFP4,agg,kimi/nvidia/Kimi-K2.5-NVFP4_gb300_auto_isl4000_osl1000_ttft2000_tpot30_922181/agg/pareto.csv,nvidia/Kimi-K2.5-NVFP4,4000,1000,0,5,0.856,5.0,5.0,259.637,5.591,5845.291,0.856,0.107,855.352,106.919,178.851,8,8.0,1.0,1.0,2.0,4.0,tp8pp1dp1etp2ep4,nvfp4,fp8,bfloat16,nvfp4,half,83.218,0.002,2.0,3.0,8003.0,8000.0,3.0,sglang,0.5.10,gb300,0.0,106.919,,,,,,,,,,,,,,,,,,,,,,,,,,,,,,,,,,,,,,,,,,,,sglang,True,72,855.352,7698.168,7698.168,106.919,106.919,178.851,Kimi K2.5 NVFP4 / sglang / agg,True
kimi,Kimi K2.5 NVFP4,agg,kimi/nvidia/Kimi-K2.5-NVFP4_gb300_auto_isl4000_osl1000_ttft2000_tpot30_922181/agg/pareto.csv,nvidia/Kimi-K2.5-NVFP4,4000,1000,0,2,0.397,2.0,2.0,173.516,4.95,5118.278,0.397,0.099,396.921,99.23,202.032,4,4.0,1.0,1.0,1.0,4.0,tp4pp1dp1etp1ep4,nvfp4,fp8,bfloat16,nvfp4,half,148.344,0.002,1.0,1.0,4001.0,4000.0,1.0,sglang,0.5.10,gb300,0.0,99.23,,,,,,,,,,,,,,,,,,,,,,,,,,,,,,,,,,,,,,,,,,,,sglang,True,72,396.921,7144.56,7144.56,99.23,99.23,202.032,Kimi K2.5 NVFP4 / sglang / agg,True
kimi,Kimi K2.5 NVFP4,agg,kimi/nvidia/Kimi-K2.5-NVFP4_gb300_auto_isl4000_osl1000_ttft2000_tpot30_922181/agg/pareto.csv,nvidia/Kimi-K2.5-NVFP4,4000,1000,0,3,0.615,3.0,3.0,134.804,4.755,4884.661,0.615,0.077,614.151,76.769,210.322,8,8.0,1.0,1.0,1.0,8.0,tp8pp1dp1etp1ep8,nvfp4,fp8,bfloat16,nvfp4,half,79.082,0.003,1.0,2.0,4002.0,4000.0,2.0,sglang,0.5.10,gb300,0.0,76.769,,,,,,,,,,,,,,,,,,,,,,,,,,,,,,,,,,,,,,,,,,,,sglang,True,72,614.151,5527.368,5527.368,76.769,76.769,210.322,Kimi K2.5 NVFP4 / sglang / agg,True
kimi,Kimi K2.5 NVFP4,agg,kimi/nvidia/Kimi-K2.5-NVFP4_gb300_auto_isl4000_osl1000_ttft2000_tpot30_922181/agg/pareto.csv,nvidia/Kimi-K2.5-NVFP4,4000,1000,0,1,0.234,1.0,1.0,169.045,4.195,4359.828,0.234,0.058,233.425,58.356,238.38,4,4.0,1.0,1.0,1.0,4.0,tp4pp1dp1etp1ep4,nvfp4,fp8,bfloat16,nvfp4,half,148.179,0.001,1.0,1.0,4000.0,4000.0,1.0,sglang,0.5.10,gb300,0.0,58.35600000000001,,,,,,,,,,,,,,,,,,,,,,,,,,,,,,,,,,,,,,,,,,,,sglang,True,72,233.425,4201.6320000000005,4201.6320000000005,58.35600000000001,58.35600000000001,238.38,Kimi K2.5 NVFP4 / sglang / agg,True
kimi,Kimi K2.5 NVFP4,agg,kimi/nvidia/Kimi-K2.5-NVFP4_gb300_auto_isl4000_osl1000_ttft2000_tpot30_922181/agg/pareto.csv,nvidia/Kimi-K2.5-NVFP4,4000,1000,0,1,0.273,1.0,1.0,128.03,3.605,3729.354,0.273,0.034,272.303,34.038,277.398,8,8.0,1.0,1.0,1.0,8.0,tp8pp1dp1etp1ep8,nvfp4,fp8,bfloat16,nvfp4,half,78.753,0.001,1.0,1.0,4000.0,4000.0,1.0,sglang,0.5.10,gb300,0.0,34.038,,,,,,,,,,,,,,,,,,,,,,,,,,,,,,,,,,,,,,,,,,,,sglang,True,72,272.303,2450.736,2450.736,34.038,34.038,277.398,Kimi K2.5 NVFP4 / sglang / agg,True
minimax,MiniMax M2.7 NVFP4,agg,minimax/nvidia/MiniMax-M2.7-NVFP4_gb300_auto_isl4000_osl1000_ttft2000_tpot30_344633/agg/pareto.csv,nvidia/MiniMax-M2.7-NVFP4,4000,1000,0,512,17.129,128.0,512.0,339.644,29.725,30034.468,17.129,4.282,17112.283,4278.071,33.642,4,1.0,1.0,4.0,1.0,4.0,tp1pp1dp4etp1ep4,nvfp4,fp8,bfloat16,nvfp4,half,112.314,0.128,1.0,127.0,4127.0,4000.0,127.0,vllm,0.19.0,gb300,0.0,4278.071,,,,,,,,,,,,,,,,,,,,,,,,,,,,,,,,,,,,,,,,,,,,vllm,True,72,17112.283,308021.11199999996,308021.11199999996,4278.071,4278.071,33.642,MiniMax M2.7 NVFP4 / vllm / agg,True
minimax,MiniMax M2.7 NVFP4,agg,minimax/nvidia/MiniMax-M2.7-NVFP4_gb300_auto_isl4000_osl1000_ttft2000_tpot30_344633/agg/pareto.csv,nvidia/MiniMax-M2.7-NVFP4,4000,1000,0,512,17.114,128.0,512.0,593.734,29.561,30124.872,17.114,4.278,17096.72,4274.18,33.829,4,1.0,1.0,4.0,1.0,4.0,tp1pp1dp4etp1ep4,nvfp4,fp8,bfloat16,nvfp4,half,113.321,0.064,2.0,126.0,8126.0,8000.0,126.0,vllm,0.19.0,gb300,0.0,4274.18,,,,,,,,,,,,,,,,,,,,,,,,,,,,,,,,,,,,,,,,,,,,vllm,True,72,17096.72,307740.96,307740.96,4274.18,4274.18,33.829,MiniMax M2.7 NVFP4 / vllm / agg,True
minimax,MiniMax M2.7 NVFP4,agg,minimax/nvidia/MiniMax-M2.7-NVFP4_gb300_auto_isl4000_osl1000_ttft2000_tpot30_344633/agg/pareto.csv,nvidia/MiniMax-M2.7-NVFP4,4000,1000,0,448,16.43,112.0,448.0,333.677,27.099,27405.247,16.43,4.107,16413.308,4103.327,36.902,4,1.0,1.0,4.0,1.0,4.0,tp1pp1dp4etp1ep4,nvfp4,fp8,bfloat16,nvfp4,half,102.85,0.112,1.0,111.0,4111.0,4000.0,111.0,vllm,0.19.0,gb300,0.0,4103.327,,,,,,,,,,,,,,,,,,,,,,,,,,,,,,,,,,,,,,,,,,,,vllm,True,72,16413.308,295439.544,295439.544,4103.327,4103.327,36.902,MiniMax M2.7 NVFP4 / vllm / agg,True
minimax,MiniMax M2.7 NVFP4,agg,minimax/nvidia/MiniMax-M2.7-NVFP4_gb300_auto_isl4000_osl1000_ttft2000_tpot30_344633/agg/pareto.csv,nvidia/MiniMax-M2.7-NVFP4,4000,1000,0,448,16.42,112.0,448.0,587.767,26.924,27484.591,16.42,4.105,16403.579,4100.895,37.142,4,1.0,1.0,4.0,1.0,4.0,tp1pp1dp4etp1ep4,nvfp4,fp8,bfloat16,nvfp4,half,103.857,0.056,2.0,110.0,8110.0,8000.0,110.0,vllm,0.19.0,gb300,0.0,4100.895,,,,,,,,,,,,,,,,,,,,,,,,,,,,,,,,,,,,,,,,,,,,vllm,True,72,16403.579,295264.44000000006,295264.44000000006,4100.895,4100.895,37.142,MiniMax M2.7 NVFP4 / vllm / agg,True
minimax,MiniMax M2.7 NVFP4,agg,minimax/nvidia/MiniMax-M2.7-NVFP4_gb300_auto_isl4000_osl1000_ttft2000_tpot30_344633/agg/pareto.csv,nvidia/MiniMax-M2.7-NVFP4,4000,1000,0,384,15.572,96.0,384.0,581.8,24.297,24854.079,15.572,3.893,15556.182,3889.045,41.158,4,1.0,1.0,4.0,1.0,4.0,tp1pp1dp4etp1ep4,nvfp4,fp8,bfloat16,nvfp4,half,94.392,0.048,2.0,94.0,8094.0,8000.0,94.0,vllm,0.19.0,gb300,0.0,3889.045,,,,,,,,,,,,,,,,,,,,,,,,,,,,,,,,,,,,,,,,,,,,vllm,True,72,15556.182,280011.24,280011.24,3889.045,3889.045,41.158,MiniMax M2.7 NVFP4 / vllm / agg,True
minimax,MiniMax M2.7 NVFP4,agg,minimax/nvidia/MiniMax-M2.7-NVFP4_gb300_auto_isl4000_osl1000_ttft2000_tpot30_344633/agg/pareto.csv,nvidia/MiniMax-M2.7-NVFP4,4000,1000,0,320,14.483,80.0,320.0,554.239,21.729,22261.331,14.483,3.621,14468.099,3617.025,46.022,4,1.0,1.0,4.0,1.0,4.0,tp1pp1dp4etp1ep4,nvfp4,fp8,bfloat16,nvfp4,half,84.928,0.04,2.0,78.0,8078.0,8000.0,78.0,vllm,0.19.0,gb300,0.0,3617.025,,,,,,,,,,,,,,,,,,,,,,,,,,,,,,,,,,,,,,,,,,,,vllm,True,72,14468.099,260425.80000000002,260425.80000000002,3617.025,3617.025,46.022,MiniMax M2.7 NVFP4 / vllm / agg,True
minimax,MiniMax M2.7 NVFP4,agg,minimax/nvidia/MiniMax-M2.7-NVFP4_gb300_auto_isl4000_osl1000_ttft2000_tpot30_344633/agg/pareto.csv,nvidia/MiniMax-M2.7-NVFP4,4000,1000,0,256,13.255,64.0,256.0,491.49,18.943,19415.281,13.255,3.314,13241.868,3310.467,52.791,4,1.0,1.0,4.0,1.0,4.0,tp1pp1dp4etp1ep4,nvfp4,fp8,bfloat16,nvfp4,half,75.463,0.032,2.0,62.0,8062.0,8000.0,62.0,vllm,0.19.0,gb300,0.0,3310.467,,,,,,,,,,,,,,,,,,,,,,,,,,,,,,,,,,,,,,,,,,,,vllm,True,72,13241.868,238353.624,238353.624,3310.467,3310.467,52.791,MiniMax M2.7 NVFP4 / vllm / agg,True
minimax,MiniMax M2.7 NVFP4,disagg,minimax/nvidia/MiniMax-M2.7-NVFP4_gb300_auto_isl4000_osl1000_ttft2000_tpot30_344633/disagg/pareto.csv,nvidia/MiniMax-M2.7-NVFP4,4000,1000,0,4704,229.968,,,112.712,18.792,18885.92,229.968,3.194,229968.0,3194.0,53.215,72,,,,,,,,,,,,,,,,,,,vllm,,,0.0,3194.0,1.0,1.0,16.0,84.0,336.0,14.0,15.97,17.898,1.0,1.0,1.0,1.0,1.0,tp1pp1dp1etp1ep1,nvfp4,fp8,bfloat16,nvfp4,half,125.349,vllm,0.19.0,gb300,1.0,1.0,4.0,1.0,4.0,tp1pp1dp4etp1ep4,nvfp4,fp8,bfloat16,nvfp4,half,85.328,vllm,0.19.0,gb300,0.0,0.0,0.0,,0.0,vllm,True,72,229968.0,229968.0,229968.0,3194.0,3194.0,53.215,MiniMax M2.7 NVFP4 / vllm / disagg,True
minimax,MiniMax M2.7 NVFP4,agg,minimax/nvidia/MiniMax-M2.7-NVFP4_gb300_auto_isl4000_osl1000_ttft2000_tpot30_344633/agg/pareto.csv,nvidia/MiniMax-M2.7-NVFP4,4000,1000,0,224,12.422,56.0,224.0,460.501,17.66,18102.689,12.422,3.106,12409.975,3102.494,56.626,4,1.0,1.0,4.0,1.0,4.0,tp1pp1dp4etp1ep4,nvfp4,fp8,bfloat16,nvfp4,half,70.731,0.028,2.0,54.0,8054.0,8000.0,54.0,vllm,0.19.0,gb300,0.0,3102.494,,,,,,,,,,,,,,,,,,,,,,,,,,,,,,,,,,,,,,,,,,,,vllm,True,72,12409.975,223379.568,223379.568,3102.494,3102.494,56.626,MiniMax M2.7 NVFP4 / vllm / agg,True
minimax,MiniMax M2.7 NVFP4,agg,minimax/nvidia/MiniMax-M2.7-NVFP4_gb300_auto_isl4000_osl1000_ttft2000_tpot30_344633/agg/pareto.csv,nvidia/MiniMax-M2.7-NVFP4,4000,1000,0,192,11.447,48.0,192.0,429.82,16.4,16813.033,11.447,2.862,11435.393,2858.848,60.977,4,1.0,1.0,4.0,1.0,4.0,tp1pp1dp4etp1ep4,nvfp4,fp8,bfloat16,nvfp4,half,65.999,0.024,2.0,46.0,8046.0,8000.0,46.0,vllm,0.19.0,gb300,0.0,2858.848,,,,,,,,,,,,,,,,,,,,,,,,,,,,,,,,,,,,,,,,,,,,vllm,True,72,11435.393,205837.05599999998,205837.05599999998,2858.848,2858.848,60.977,MiniMax M2.7 NVFP4 / vllm / agg,True
minimax,MiniMax M2.7 NVFP4,agg,minimax/nvidia/MiniMax-M2.7-NVFP4_gb300_auto_isl4000_osl1000_ttft2000_tpot30_344633/agg/pareto.csv,nvidia/MiniMax-M2.7-NVFP4,4000,1000,0,160,10.265,40.0,160.0,399.446,15.211,15595.709,10.265,2.566,10255.154,2563.788,65.74,4,1.0,1.0,4.0,1.0,4.0,tp1pp1dp4etp1ep4,nvfp4,fp8,bfloat16,nvfp4,half,61.267,0.02,2.0,38.0,8038.0,8000.0,38.0,vllm,0.19.0,gb300,0.0,2563.788,,,,,,,,,,,,,,,,,,,,,,,,,,,,,,,,,,,,,,,,,,,,vllm,True,72,10255.154,184592.736,184592.736,2563.788,2563.788,65.74,MiniMax M2.7 NVFP4 / vllm / agg,True
minimax,MiniMax M2.7 NVFP4,agg,minimax/nvidia/MiniMax-M2.7-NVFP4_gb300_auto_isl4000_osl1000_ttft2000_tpot30_344633/agg/pareto.csv,nvidia/MiniMax-M2.7-NVFP4,4000,1000,0,128,9.101,32.0,128.0,369.394,13.687,14042.994,9.101,2.275,9091.887,2272.972,73.06,4,1.0,1.0,4.0,1.0,4.0,tp1pp1dp4etp1ep4,nvfp4,fp8,bfloat16,nvfp4,half,56.534,0.016,2.0,30.0,8030.0,8000.0,30.0,vllm,0.19.0,gb300,0.0,2272.972,,,,,,,,,,,,,,,,,,,,,,,,,,,,,,,,,,,,,,,,,,,,vllm,True,72,9091.887,163653.98400000003,163653.98400000003,2272.972,2272.972,73.06,MiniMax M2.7 NVFP4 / vllm / agg,True
minimax,MiniMax M2.7 NVFP4,agg,minimax/nvidia/MiniMax-M2.7-NVFP4_gb300_auto_isl4000_osl1000_ttft2000_tpot30_344633/agg/pareto.csv,nvidia/MiniMax-M2.7-NVFP4,4000,1000,0,256,17.987,32.0,256.0,557.523,13.643,14186.403,17.987,2.248,17968.695,2246.087,73.3,8,1.0,1.0,8.0,1.0,8.0,tp1pp1dp8etp1ep8,nvfp4,fp8,bfloat16,nvfp4,half,41.822,0.016,2.0,30.0,8030.0,8000.0,30.0,vllm,0.19.0,gb300,0.0,2246.087,,,,,,,,,,,,,,,,,,,,,,,,,,,,,,,,,,,,,,,,,,,,vllm,True,72,17968.695,161718.264,161718.264,2246.087,2246.087,73.3,MiniMax M2.7 NVFP4 / vllm / agg,True
minimax,MiniMax M2.7 NVFP4,agg,minimax/nvidia/MiniMax-M2.7-NVFP4_gb300_auto_isl4000_osl1000_ttft2000_tpot30_344633/agg/pareto.csv,nvidia/MiniMax-M2.7-NVFP4,4000,1000,0,112,8.368,28.0,112.0,354.504,13.007,13348.535,8.368,2.092,8359.158,2089.79,76.881,4,1.0,1.0,4.0,1.0,4.0,tp1pp1dp4etp1ep4,nvfp4,fp8,bfloat16,nvfp4,half,54.168,0.014,2.0,26.0,8026.0,8000.0,26.0,vllm,0.19.0,gb300,0.0,2089.79,,,,,,,,,,,,,,,,,,,,,,,,,,,,,,,,,,,,,,,,,,,,vllm,True,72,8359.158,150464.88,150464.88,2089.79,2089.79,76.881,MiniMax M2.7 NVFP4 / vllm / agg,True
minimax,MiniMax M2.7 NVFP4,agg,minimax/nvidia/MiniMax-M2.7-NVFP4_gb300_auto_isl4000_osl1000_ttft2000_tpot30_344633/agg/pareto.csv,nvidia/MiniMax-M2.7-NVFP4,4000,1000,0,224,16.715,28.0,224.0,535.447,12.809,13332.034,16.715,2.089,16698.572,2087.322,78.068,8,1.0,1.0,8.0,1.0,8.0,tp1pp1dp8etp1ep8,nvfp4,fp8,bfloat16,nvfp4,half,39.455,0.014,2.0,26.0,8026.0,8000.0,26.0,vllm,0.19.0,gb300,0.0,2087.322,,,,,,,,,,,,,,,,,,,,,,,,,,,,,,,,,,,,,,,,,,,,vllm,True,72,16698.572,150287.184,150287.184,2087.322,2087.322,78.068,MiniMax M2.7 NVFP4 / vllm / agg,True
minimax,MiniMax M2.7 NVFP4,agg,minimax/nvidia/MiniMax-M2.7-NVFP4_gb300_auto_isl4000_osl1000_ttft2000_tpot30_344633/agg/pareto.csv,nvidia/MiniMax-M2.7-NVFP4,4000,1000,0,192,15.276,24.0,192.0,513.452,11.976,12477.64,15.276,1.909,15260.46,1907.557,83.499,8,1.0,1.0,8.0,1.0,8.0,tp1pp1dp8etp1ep8,nvfp4,fp8,bfloat16,nvfp4,half,37.089,0.012,2.0,22.0,8022.0,8000.0,22.0,vllm,0.19.0,gb300,0.0,1907.557,,,,,,,,,,,,,,,,,,,,,,,,,,,,,,,,,,,,,,,,,,,,vllm,True,72,15260.46,137344.104,137344.104,1907.557,1907.557,83.499,MiniMax M2.7 NVFP4 / vllm / agg,True
minimax,MiniMax M2.7 NVFP4,disagg,minimax/nvidia/MiniMax-M2.7-NVFP4_gb300_auto_isl4000_osl1000_ttft2000_tpot30_344633/disagg/pareto.csv,nvidia/MiniMax-M2.7-NVFP4,4000,1000,0,1568,122.16,,,200.21,11.821,12009.389,122.16,1.697,122160.36,1696.672,84.598,72,,,,,,,,,,,,,,,,,,,sglang,,,0.0,1696.672,1.0,1.0,16.0,28.0,224.0,7.0,8.991,18.969,1.0,1.0,1.0,1.0,1.0,tp1pp1dp1etp1ep1,nvfp4,fp8,fp8,nvfp4,half,126.516,sglang,0.5.10,gb300,1.0,1.0,8.0,1.0,8.0,tp1pp1dp8etp1ep8,nvfp4,fp8,fp8,nvfp4,half,38.236,sglang,0.5.10,gb300,0.0,0.0,0.0,,0.0,sglang,True,72,122160.36,122160.384,122160.384,1696.672,1696.672,84.598,MiniMax M2.7 NVFP4 / sglang / disagg,True
minimax,MiniMax M2.7 NVFP4,agg,minimax/nvidia/MiniMax-M2.7-NVFP4_gb300_auto_isl4000_osl1000_ttft2000_tpot30_344633/agg/pareto.csv,nvidia/MiniMax-M2.7-NVFP4,4000,1000,0,160,13.446,20.0,160.0,491.539,11.306,11786.285,13.446,1.681,13432.35,1679.044,88.448,8,1.0,1.0,8.0,1.0,8.0,tp1pp1dp8etp1ep8,nvfp4,fp8,bfloat16,nvfp4,half,34.723,0.01,2.0,18.0,8018.0,8000.0,18.0,vllm,0.19.0,gb300,0.0,1679.044,,,,,,,,,,,,,,,,,,,,,,,,,,,,,,,,,,,,,,,,,,,,vllm,True,72,13432.35,120891.168,120891.168,1679.044,1679.044,88.448,MiniMax M2.7 NVFP4 / vllm / agg,True
minimax,MiniMax M2.7 NVFP4,disagg,minimax/nvidia/MiniMax-M2.7-NVFP4_gb300_auto_isl4000_osl1000_ttft2000_tpot30_344633/disagg/pareto.csv,nvidia/MiniMax-M2.7-NVFP4,4000,1000,0,1344,112.726,,,112.712,10.98,11081.732,112.726,1.761,112725.76,1761.34,91.076,64,,,,,,,,,,,,,,,,,,,vllm,,,0.0,1565.6355555555556,1.0,1.0,8.0,24.0,192.0,7.0,15.97,17.504,1.0,1.0,1.0,1.0,1.0,tp1pp1dp1etp1ep1,nvfp4,fp8,bfloat16,nvfp4,half,125.349,vllm,0.19.0,gb300,1.0,1.0,8.0,1.0,8.0,tp1pp1dp8etp1ep8,nvfp4,fp8,bfloat16,nvfp4,half,35.138,vllm,0.19.0,gb300,0.0,0.0,0.0,,0.0,vllm,True,72,112725.76,112725.76000000001,112725.76000000001,1565.6355555555556,1565.6355555555556,91.076,MiniMax M2.7 NVFP4 / vllm / disagg,True
minimax,MiniMax M2.7 NVFP4,agg,minimax/nvidia/MiniMax-M2.7-NVFP4_gb300_auto_isl4000_osl1000_ttft2000_tpot30_344633/agg/pareto.csv,nvidia/MiniMax-M2.7-NVFP4,4000,1000,0,32,2.953,32.0,32.0,183.999,10.66,10833.127,2.953,1.477,2950.136,1475.068,93.81,2,2.0,1.0,1.0,1.0,2.0,tp2pp1dp1etp1ep2,nvfp4,fp8,bfloat16,nvfp4,half,74.719,0.016,2.0,30.0,8030.0,8000.0,30.0,vllm,0.19.0,gb300,0.0,1475.068,,,,,,,,,,,,,,,,,,,,,,,,,,,,,,,,,,,,,,,,,,,,vllm,True,72,2950.136,106204.896,106204.896,1475.068,1475.068,93.81,MiniMax M2.7 NVFP4 / vllm / agg,True
minimax,MiniMax M2.7 NVFP4,agg,minimax/nvidia/MiniMax-M2.7-NVFP4_gb300_auto_isl4000_osl1000_ttft2000_tpot30_344633/agg/pareto.csv,nvidia/MiniMax-M2.7-NVFP4,4000,1000,0,128,11.809,16.0,128.0,469.549,10.244,10703.593,11.809,1.476,11796.723,1474.59,97.615,8,1.0,1.0,8.0,1.0,8.0,tp1pp1dp8etp1ep8,nvfp4,fp8,bfloat16,nvfp4,half,32.357,0.008,2.0,14.0,8014.0,8000.0,14.0,vllm,0.19.0,gb300,0.0,1474.59,,,,,,,,,,,,,,,,,,,,,,,,,,,,,,,,,,,,,,,,,,,,vllm,True,72,11796.723,106170.48,106170.48,1474.59,1474.59,97.615,MiniMax M2.7 NVFP4 / vllm / agg,True
minimax,MiniMax M2.7 NVFP4,agg,minimax/nvidia/MiniMax-M2.7-NVFP4_gb300_auto_isl4000_osl1000_ttft2000_tpot30_344633/agg/pareto.csv,nvidia/MiniMax-M2.7-NVFP4,4000,1000,0,120,11.278,15.0,120.0,469.241,10.045,10504.03,11.278,1.41,11266.542,1408.318,99.554,8,1.0,1.0,8.0,1.0,8.0,tp1pp1dp8etp1ep8,nvfp4,fp8,bfloat16,nvfp4,half,31.766,0.008,2.0,13.0,8013.0,8000.0,13.0,vllm,0.19.0,gb300,0.0,1408.318,,,,,,,,,,,,,,,,,,,,,,,,,,,,,,,,,,,,,,,,,,,,vllm,True,72,11266.542,101398.896,101398.896,1408.318,1408.318,99.554,MiniMax M2.7 NVFP4 / vllm / agg,True
minimax,MiniMax M2.7 NVFP4,agg,minimax/nvidia/MiniMax-M2.7-NVFP4_gb300_auto_isl4000_osl1000_ttft2000_tpot30_344633/agg/pareto.csv,nvidia/MiniMax-M2.7-NVFP4,4000,1000,0,112,10.841,14.0,112.0,458.512,9.735,10184.171,10.841,1.355,10829.864,1353.733,102.718,8,1.0,1.0,8.0,1.0,8.0,tp1pp1dp8etp1ep8,nvfp4,fp8,bfloat16,nvfp4,half,31.174,0.007,2.0,12.0,8012.0,8000.0,12.0,vllm,0.19.0,gb300,0.0,1353.733,,,,,,,,,,,,,,,,,,,,,,,,,,,,,,,,,,,,,,,,,,,,vllm,True,72,10829.864,97468.776,97468.776,1353.733,1353.733,102.718,MiniMax M2.7 NVFP4 / vllm / agg,True
minimax,MiniMax M2.7 NVFP4,agg,minimax/nvidia/MiniMax-M2.7-NVFP4_gb300_auto_isl4000_osl1000_ttft2000_tpot30_344633/agg/pareto.csv,nvidia/MiniMax-M2.7-NVFP4,4000,1000,0,104,10.275,13.0,104.0,458.211,9.525,9974.024,10.275,1.284,10264.785,1283.098,104.983,8,1.0,1.0,8.0,1.0,8.0,tp1pp1dp8etp1ep8,nvfp4,fp8,bfloat16,nvfp4,half,30.582,0.006,2.0,11.0,8011.0,8000.0,11.0,vllm,0.19.0,gb300,0.0,1283.098,,,,,,,,,,,,,,,,,,,,,,,,,,,,,,,,,,,,,,,,,,,,vllm,True,72,10264.785,92383.056,92383.056,1283.098,1283.098,104.983,MiniMax M2.7 NVFP4 / vllm / agg,True
minimax,MiniMax M2.7 NVFP4,agg,minimax/nvidia/MiniMax-M2.7-NVFP4_gb300_auto_isl4000_osl1000_ttft2000_tpot30_344633/agg/pareto.csv,nvidia/MiniMax-M2.7-NVFP4,4000,1000,0,24,2.489,24.0,24.0,168.909,9.466,9625.184,2.489,1.244,2486.061,1243.031,105.644,2,2.0,1.0,1.0,1.0,2.0,tp2pp1dp1etp1ep2,nvfp4,fp8,bfloat16,nvfp4,half,72.353,0.012,2.0,22.0,8022.0,8000.0,22.0,vllm,0.19.0,gb300,0.0,1243.031,,,,,,,,,,,,,,,,,,,,,,,,,,,,,,,,,,,,,,,,,,,,vllm,True,72,2486.061,89498.23199999999,89498.23199999999,1243.031,1243.031,105.644,MiniMax M2.7 NVFP4 / vllm / agg,True
minimax,MiniMax M2.7 NVFP4,agg,minimax/nvidia/MiniMax-M2.7-NVFP4_gb300_auto_isl4000_osl1000_ttft2000_tpot30_344633/agg/pareto.csv,nvidia/MiniMax-M2.7-NVFP4,4000,1000,0,96,9.77,12.0,96.0,447.503,9.23,9667.889,9.77,1.221,9759.88,1219.985,108.347,8,1.0,1.0,8.0,1.0,8.0,tp1pp1dp8etp1ep8,nvfp4,fp8,bfloat16,nvfp4,half,29.991,0.006,2.0,10.0,8010.0,8000.0,10.0,vllm,0.19.0,gb300,0.0,1219.985,,,,,,,,,,,,,,,,,,,,,,,,,,,,,,,,,,,,,,,,,,,,vllm,True,72,9759.88,87838.92,87838.92,1219.985,1219.985,108.347,MiniMax M2.7 NVFP4 / vllm / agg,True
minimax,MiniMax M2.7 NVFP4,agg,minimax/nvidia/MiniMax-M2.7-NVFP4_gb300_auto_isl4000_osl1000_ttft2000_tpot30_344633/agg/pareto.csv,nvidia/MiniMax-M2.7-NVFP4,4000,1000,0,88,9.071,11.0,88.0,447.209,9.104,9542.481,9.071,1.134,9062.088,1132.761,109.837,8,1.0,1.0,8.0,1.0,8.0,tp1pp1dp8etp1ep8,nvfp4,fp8,bfloat16,nvfp4,half,29.399,0.006,2.0,9.0,8009.0,8000.0,9.0,vllm,0.19.0,gb300,0.0,1132.761,,,,,,,,,,,,,,,,,,,,,,,,,,,,,,,,,,,,,,,,,,,,vllm,True,72,9062.088,81558.792,81558.792,1132.761,1132.761,109.837,MiniMax M2.7 NVFP4 / vllm / agg,True
minimax,MiniMax M2.7 NVFP4,agg,minimax/nvidia/MiniMax-M2.7-NVFP4_gb300_auto_isl4000_osl1000_ttft2000_tpot30_344633/agg/pareto.csv,nvidia/MiniMax-M2.7-NVFP4,4000,1000,0,40,4.432,40.0,40.0,164.297,8.879,9034.614,4.432,1.108,4427.454,1106.863,112.623,4,4.0,1.0,1.0,1.0,4.0,tp4pp1dp1etp1ep4,nvfp4,fp8,bfloat16,nvfp4,half,40.876,0.02,2.0,38.0,8038.0,8000.0,38.0,vllm,0.19.0,gb300,0.0,1106.863,,,,,,,,,,,,,,,,,,,,,,,,,,,,,,,,,,,,,,,,,,,,vllm,True,72,4427.454,79694.136,79694.136,1106.863,1106.863,112.623,MiniMax M2.7 NVFP4 / vllm / agg,True
minimax,MiniMax M2.7 NVFP4,agg,minimax/nvidia/MiniMax-M2.7-NVFP4_gb300_auto_isl4000_osl1000_ttft2000_tpot30_344633/agg/pareto.csv,nvidia/MiniMax-M2.7-NVFP4,4000,1000,0,20,2.213,20.0,20.0,161.438,8.857,9009.095,2.213,1.107,2211.147,1105.573,112.911,2,2.0,1.0,1.0,1.0,2.0,tp2pp1dp1etp1ep2,nvfp4,fp8,bfloat16,nvfp4,half,71.17,0.01,2.0,18.0,8018.0,8000.0,18.0,vllm,0.19.0,gb300,0.0,1105.573,,,,,,,,,,,,,,,,,,,,,,,,,,,,,,,,,,,,,,,,,,,,vllm,True,72,2211.147,79601.25600000001,79601.25600000001,1105.573,1105.573,112.911,MiniMax M2.7 NVFP4 / vllm / agg,True
minimax,MiniMax M2.7 NVFP4,agg,minimax/nvidia/MiniMax-M2.7-NVFP4_gb300_auto_isl4000_osl1000_ttft2000_tpot30_344633/agg/pareto.csv,nvidia/MiniMax-M2.7-NVFP4,4000,1000,0,80,8.508,10.0,80.0,436.522,8.806,9233.445,8.508,1.064,8499.493,1062.437,113.562,8,1.0,1.0,8.0,1.0,8.0,tp1pp1dp8etp1ep8,nvfp4,fp8,bfloat16,nvfp4,half,28.808,0.005,2.0,8.0,8008.0,8000.0,8.0,vllm,0.19.0,gb300,0.0,1062.437,,,,,,,,,,,,,,,,,,,,,,,,,,,,,,,,,,,,,,,,,,,,vllm,True,72,8499.493,76495.46399999999,76495.46399999999,1062.437,1062.437,113.562,MiniMax M2.7 NVFP4 / vllm / agg,True
minimax,MiniMax M2.7 NVFP4,agg,minimax/nvidia/MiniMax-M2.7-NVFP4_gb300_auto_isl4000_osl1000_ttft2000_tpot30_344633/agg/pareto.csv,nvidia/MiniMax-M2.7-NVFP4,4000,1000,0,9,1.013,9.0,9.0,187.459,8.643,8822.226,1.013,1.013,1011.899,1011.899,115.695,1,1.0,1.0,1.0,1.0,1.0,tp1pp1dp1etp1ep1,nvfp4,fp8,bfloat16,nvfp4,half,131.207,0.004,2.0,7.0,8007.0,8000.0,7.0,vllm,0.19.0,gb300,0.0,1011.899,,,,,,,,,,,,,,,,,,,,,,,,,,,,,,,,,,,,,,,,,,,,vllm,True,72,1011.899,72856.728,72856.728,1011.899,1011.899,115.695,MiniMax M2.7 NVFP4 / vllm / agg,True
minimax,MiniMax M2.7 NVFP4,agg,minimax/nvidia/MiniMax-M2.7-NVFP4_gb300_auto_isl4000_osl1000_ttft2000_tpot30_344633/agg/pareto.csv,nvidia/MiniMax-M2.7-NVFP4,4000,1000,0,32,3.927,32.0,32.0,158.751,7.994,8144.346,3.927,0.982,3922.778,980.695,125.1,4,4.0,1.0,1.0,4.0,1.0,tp4pp1dp1etp4ep1,nvfp4,fp8,bfloat16,nvfp4,half,39.692,0.016,2.0,30.0,8030.0,8000.0,30.0,vllm,0.19.0,gb300,0.0,980.6950000000002,,,,,,,,,,,,,,,,,,,,,,,,,,,,,,,,,,,,,,,,,,,,vllm,True,72,3922.778,70610.04000000001,70610.04000000001,980.6950000000002,980.6950000000002,125.1,MiniMax M2.7 NVFP4 / vllm / agg,True
minimax,MiniMax M2.7 NVFP4,agg,minimax/nvidia/MiniMax-M2.7-NVFP4_gb300_auto_isl4000_osl1000_ttft2000_tpot30_344633/agg/pareto.csv,nvidia/MiniMax-M2.7-NVFP4,4000,1000,0,15,1.836,15.0,15.0,154.087,7.988,8134.52,1.836,0.918,1834.171,917.085,125.181,2,2.0,1.0,1.0,1.0,2.0,tp2pp1dp1etp1ep2,nvfp4,fp8,bfloat16,nvfp4,half,69.691,0.008,2.0,13.0,8013.0,8000.0,13.0,vllm,0.19.0,gb300,0.0,917.085,,,,,,,,,,,,,,,,,,,,,,,,,,,,,,,,,,,,,,,,,,,,vllm,True,72,1834.171,66030.12,66030.12,917.085,917.085,125.181,MiniMax M2.7 NVFP4 / vllm / agg,True
minimax,MiniMax M2.7 NVFP4,agg,minimax/nvidia/MiniMax-M2.7-NVFP4_gb300_auto_isl4000_osl1000_ttft2000_tpot30_344633/agg/pareto.csv,nvidia/MiniMax-M2.7-NVFP4,4000,1000,0,28,3.59,28.0,28.0,152.594,7.643,7787.669,3.59,0.898,3586.47,896.618,130.844,4,4.0,1.0,1.0,4.0,1.0,tp4pp1dp1etp4ep1,nvfp4,fp8,bfloat16,nvfp4,half,39.101,0.014,2.0,26.0,8026.0,8000.0,26.0,vllm,0.19.0,gb300,0.0,896.618,,,,,,,,,,,,,,,,,,,,,,,,,,,,,,,,,,,,,,,,,,,,vllm,True,72,3586.47,64556.49600000001,64556.49600000001,896.618,896.618,130.844,MiniMax M2.7 NVFP4 / vllm / agg,True
minimax,MiniMax M2.7 NVFP4,agg,minimax/nvidia/MiniMax-M2.7-NVFP4_gb300_auto_isl4000_osl1000_ttft2000_tpot30_344633/agg/pareto.csv,nvidia/MiniMax-M2.7-NVFP4,4000,1000,0,13,1.668,13.0,13.0,150.529,7.613,7756.191,1.668,0.834,1665.918,832.959,131.35,2,2.0,1.0,1.0,1.0,2.0,tp2pp1dp1etp1ep2,nvfp4,fp8,bfloat16,nvfp4,half,69.099,0.006,2.0,11.0,8011.0,8000.0,11.0,vllm,0.19.0,gb300,0.0,832.959,,,,,,,,,,,,,,,,,,,,,,,,,,,,,,,,,,,,,,,,,,,,vllm,True,72,1665.918,59973.047999999995,59973.047999999995,832.959,832.959,131.35,MiniMax M2.7 NVFP4 / vllm / agg,True
minimax,MiniMax M2.7 NVFP4,agg,minimax/nvidia/MiniMax-M2.7-NVFP4_gb300_auto_isl4000_osl1000_ttft2000_tpot30_344633/agg/pareto.csv,nvidia/MiniMax-M2.7-NVFP4,4000,1000,0,6,0.81,6.0,6.0,178.164,7.239,7410.166,0.81,0.81,809.68,809.68,138.136,1,1.0,1.0,1.0,1.0,1.0,tp1pp1dp1etp1ep1,nvfp4,fp8,bfloat16,nvfp4,half,129.432,0.003,2.0,4.0,8004.0,8000.0,4.0,vllm,0.19.0,gb300,0.0,809.68,,,,,,,,,,,,,,,,,,,,,,,,,,,,,,,,,,,,,,,,,,,,vllm,True,72,809.68,58296.96,58296.96,809.68,809.68,138.136,MiniMax M2.7 NVFP4 / vllm / agg,True
minimax,MiniMax M2.7 NVFP4,agg,minimax/nvidia/MiniMax-M2.7-NVFP4_gb300_auto_isl4000_osl1000_ttft2000_tpot30_344633/agg/pareto.csv,nvidia/MiniMax-M2.7-NVFP4,4000,1000,0,11,1.486,11.0,11.0,146.978,7.221,7360.278,1.486,0.743,1484.209,742.104,138.494,2,2.0,1.0,1.0,1.0,2.0,tp2pp1dp1etp1ep2,nvfp4,fp8,bfloat16,nvfp4,half,68.508,0.006,2.0,9.0,8009.0,8000.0,9.0,vllm,0.19.0,gb300,0.0,742.104,,,,,,,,,,,,,,,,,,,,,,,,,,,,,,,,,,,,,,,,,,,,vllm,True,72,1484.209,53431.488000000005,53431.488000000005,742.104,742.104,138.494,MiniMax M2.7 NVFP4 / vllm / agg,True
minimax,MiniMax M2.7 NVFP4,agg,minimax/nvidia/MiniMax-M2.7-NVFP4_gb300_auto_isl4000_osl1000_ttft2000_tpot30_344633/agg/pareto.csv,nvidia/MiniMax-M2.7-NVFP4,4000,1000,0,5,0.716,5.0,5.0,178.159,6.815,6986.595,0.716,0.716,715.639,715.639,146.73,1,1.0,1.0,1.0,1.0,1.0,tp1pp1dp1etp1ep1,nvfp4,fp8,bfloat16,nvfp4,half,128.84,0.002,2.0,3.0,8003.0,8000.0,3.0,vllm,0.19.0,gb300,0.0,715.639,,,,,,,,,,,,,,,,,,,,,,,,,,,,,,,,,,,,,,,,,,,,vllm,True,72,715.639,51526.008,51526.008,715.639,715.639,146.73,MiniMax M2.7 NVFP4 / vllm / agg,True
minimax,MiniMax M2.7 NVFP4,agg,minimax/nvidia/MiniMax-M2.7-NVFP4_gb300_auto_isl4000_osl1000_ttft2000_tpot30_344633/agg/pareto.csv,nvidia/MiniMax-M2.7-NVFP4,4000,1000,0,4,0.625,4.0,4.0,173.7,6.314,6481.321,0.625,0.625,624.697,624.697,158.38,1,1.0,1.0,1.0,1.0,1.0,tp1pp1dp1etp1ep1,nvfp4,fp8,bfloat16,nvfp4,half,128.249,0.002,2.0,2.0,8002.0,8000.0,2.0,vllm,0.19.0,gb300,0.0,624.697,,,,,,,,,,,,,,,,,,,,,,,,,,,,,,,,,,,,,,,,,,,,vllm,True,72,624.697,44978.184,44978.184,624.697,624.697,158.38,MiniMax M2.7 NVFP4 / vllm / agg,True
minimax,MiniMax M2.7 NVFP4,agg,minimax/nvidia/MiniMax-M2.7-NVFP4_gb300_auto_isl4000_osl1000_ttft2000_tpot30_344633/agg/pareto.csv,nvidia/MiniMax-M2.7-NVFP4,4000,1000,0,4,0.621,4.0,4.0,118.164,6.283,6394.454,0.621,0.621,620.82,620.82,159.17,1,1.0,1.0,1.0,1.0,1.0,tp1pp1dp1etp1ep1,nvfp4,fp8,bfloat16,nvfp4,half,127.242,0.004,1.0,3.0,4003.0,4000.0,3.0,vllm,0.19.0,gb300,0.0,620.82,,,,,,,,,,,,,,,,,,,,,,,,,,,,,,,,,,,,,,,,,,,,vllm,True,72,620.82,44699.04,44699.04,620.82,620.82,159.17,MiniMax M2.7 NVFP4 / vllm / agg,True
minimax,MiniMax M2.7 NVFP4,agg,minimax/nvidia/MiniMax-M2.7-NVFP4_gb300_auto_isl4000_osl1000_ttft2000_tpot30_344633/agg/pareto.csv,nvidia/MiniMax-M2.7-NVFP4,4000,1000,0,14,2.177,14.0,14.0,131.231,6.272,6396.899,2.177,0.544,2174.415,543.604,159.44,4,4.0,1.0,1.0,4.0,1.0,tp4pp1dp1etp4ep1,nvfp4,fp8,bfloat16,nvfp4,half,37.03,0.007,2.0,12.0,8012.0,8000.0,12.0,vllm,0.19.0,gb300,0.0,543.604,,,,,,,,,,,,,,,,,,,,,,,,,,,,,,,,,,,,,,,,,,,,vllm,True,72,2174.415,39139.488000000005,39139.488000000005,543.604,543.604,159.44,MiniMax M2.7 NVFP4 / vllm / agg,True
minimax,MiniMax M2.7 NVFP4,agg,minimax/nvidia/MiniMax-M2.7-NVFP4_gb300_auto_isl4000_osl1000_ttft2000_tpot30_344633/agg/pareto.csv,nvidia/MiniMax-M2.7-NVFP4,4000,1000,0,3,0.513,3.0,3.0,115.277,5.747,5856.589,0.513,0.513,512.234,512.234,174.002,1,1.0,1.0,1.0,1.0,1.0,tp1pp1dp1etp1ep1,nvfp4,fp8,bfloat16,nvfp4,half,126.651,0.003,1.0,2.0,4002.0,4000.0,2.0,vllm,0.19.0,gb300,0.0,512.234,,,,,,,,,,,,,,,,,,,,,,,,,,,,,,,,,,,,,,,,,,,,vllm,True,72,512.234,36880.848000000005,36880.848000000005,512.234,512.234,174.002,MiniMax M2.7 NVFP4 / vllm / agg,True
minimax,MiniMax M2.7 NVFP4,agg,minimax/nvidia/MiniMax-M2.7-NVFP4_gb300_auto_isl4000_osl1000_ttft2000_tpot30_344633/agg/pareto.csv,nvidia/MiniMax-M2.7-NVFP4,4000,1000,0,2,0.383,2.0,2.0,112.153,5.167,5274.311,0.383,0.383,382.783,382.783,193.524,1,1.0,1.0,1.0,1.0,1.0,tp1pp1dp1etp1ep1,nvfp4,fp8,bfloat16,nvfp4,half,126.059,0.002,1.0,1.0,4001.0,4000.0,1.0,vllm,0.19.0,gb300,0.0,382.783,,,,,,,,,,,,,,,,,,,,,,,,,,,,,,,,,,,,,,,,,,,,vllm,True,72,382.783,27560.376,27560.376,382.783,382.783,193.524,MiniMax M2.7 NVFP4 / vllm / agg,True
minimax,MiniMax M2.7 NVFP4,agg,minimax/nvidia/MiniMax-M2.7-NVFP4_gb300_auto_isl4000_osl1000_ttft2000_tpot30_344633/agg/pareto.csv,nvidia/MiniMax-M2.7-NVFP4,4000,1000,0,3,0.573,3.0,3.0,94.541,5.15,5239.888,0.573,0.287,572.522,286.261,194.156,2,2.0,1.0,1.0,2.0,1.0,tp2pp1dp1etp2ep1,nvfp4,fp8,bfloat16,nvfp4,half,65.546,0.003,1.0,2.0,4002.0,4000.0,2.0,vllm,0.19.0,gb300,0.0,286.261,,,,,,,,,,,,,,,,,,,,,,,,,,,,,,,,,,,,,,,,,,,,vllm,True,72,572.522,20610.792,20610.792,286.261,286.261,194.156,MiniMax M2.7 NVFP4 / vllm / agg,True
minimax,MiniMax M2.7 NVFP4,agg,minimax/nvidia/MiniMax-M2.7-NVFP4_gb300_auto_isl4000_osl1000_ttft2000_tpot30_344633/agg/pareto.csv,nvidia/MiniMax-M2.7-NVFP4,4000,1000,0,6,1.142,6.0,6.0,118.99,5.146,5259.802,1.142,0.285,1140.703,285.176,194.327,4,4.0,1.0,1.0,4.0,1.0,tp4pp1dp1etp4ep1,nvfp4,fp8,bfloat16,nvfp4,half,35.846,0.003,2.0,4.0,8004.0,8000.0,4.0,vllm,0.19.0,gb300,0.0,285.176,,,,,,,,,,,,,,,,,,,,,,,,,,,,,,,,,,,,,,,,,,,,vllm,True,72,1140.703,20532.672,20532.672,285.176,285.176,194.327,MiniMax M2.7 NVFP4 / vllm / agg,True
minimax,MiniMax M2.7 NVFP4,agg,minimax/nvidia/MiniMax-M2.7-NVFP4_gb300_auto_isl4000_osl1000_ttft2000_tpot30_344633/agg/pareto.csv,nvidia/MiniMax-M2.7-NVFP4,4000,1000,0,5,0.994,5.0,5.0,118.977,4.922,5036.476,0.994,0.248,992.735,248.184,203.152,4,4.0,1.0,1.0,4.0,1.0,tp4pp1dp1etp4ep1,nvfp4,fp8,bfloat16,nvfp4,half,35.698,0.002,2.0,3.0,8003.0,8000.0,3.0,vllm,0.19.0,gb300,0.0,248.184,,,,,,,,,,,,,,,,,,,,,,,,,,,,,,,,,,,,,,,,,,,,vllm,True,72,992.735,17869.248,17869.248,248.184,248.184,203.152,MiniMax M2.7 NVFP4 / vllm / agg,True
minimax,MiniMax M2.7 NVFP4,agg,minimax/nvidia/MiniMax-M2.7-NVFP4_gb300_auto_isl4000_osl1000_ttft2000_tpot30_344633/agg/pareto.csv,nvidia/MiniMax-M2.7-NVFP4,4000,1000,0,1,0.244,1.0,1.0,108.159,4.042,4145.69,0.244,0.244,243.988,243.988,247.428,1,1.0,1.0,1.0,1.0,1.0,tp1pp1dp1etp1ep1,nvfp4,fp8,bfloat16,nvfp4,half,125.467,0.001,1.0,1.0,4000.0,4000.0,1.0,vllm,0.19.0,gb300,0.0,243.98799999999997,,,,,,,,,,,,,,,,,,,,,,,,,,,,,,,,,,,,,,,,,,,,vllm,True,72,243.988,17567.136,17567.136,243.98799999999997,243.98799999999997,247.428,MiniMax M2.7 NVFP4 / vllm / agg,True
