source_run,model_label,serving_mode,source_file,model,isl,osl,prefix,concurrency,request_rate,bs,global_bs,ttft,tpot,request_latency,seq/s,seq/s/gpu,tokens/s,tokens/s/gpu,tokens/s/user,num_total_gpus,tp,pp,dp,moe_tp,moe_ep,parallel,gemm,kvcache,fmha,moe,comm,memory,balance_score,num_ctx_reqs,num_gen_reqs,num_tokens,ctx_tokens,gen_tokens,backend,version,system,power_w,tokens/s/gpu_cluster,(p)bs,(p)global_bs,(p)workers,(d)bs,(d)global_bs,(d)workers,(p)seq/s/worker,(d)seq/s/worker,(p)tp,(p)pp,(p)dp,(p)moe_tp,(p)moe_ep,(p)parallel,(p)gemm,(p)kvcache,(p)fmha,(p)moe,(p)comm,(p)memory,(p)backend,(p)version,(p)system,(d)tp,(d)pp,(d)dp,(d)moe_tp,(d)moe_ep,(d)parallel,(d)gemm,(d)kvcache,(d)fmha,(d)moe,(d)comm,(d)memory,(d)backend,(d)version,(d)system,(e)workers,(e)tp,(e)pp,(e)parallel,(e)memory,backend_label,satisfies_sla,cluster_total_gpus,raw_candidate_tps,cluster_tps_8gpu,output_token_throughput_8gpu,per_gpu_throughput_8gpu,per_gpu_output_token_throughput,per_user_tps,plot_label,is_model_pareto_frontier
glm_vllm,GLM-5 NVFP4,disagg,glm_vllm/nvidia/GLM-5-NVFP4_b300_sxm_vllm_isl4000_osl1000_ttft2000_tpot30_648170/disagg/pareto.csv,nvidia/GLM-5-NVFP4,4000,1000,0,256,7.977,,,792.414,29.552,30314.862,7.977,0.997,7977.32,997.165,33.838,8,,,,,,,,,,,,,,,,,,,,,,0.0,997.165,1.0,2.0,2.0,64.0,256.0,1.0,4.543,8.671,1.0,1.0,2.0,1.0,2.0,tp1pp1dp2etp1ep2,nvfp4,fp8,bfloat16,nvfp4,half,209.774,vllm,0.19.0,b300_sxm,1.0,1.0,4.0,1.0,4.0,tp1pp1dp4etp1ep4,nvfp4,fp8,bfloat16,nvfp4,half,125.617,vllm,0.19.0,b300_sxm,0.0,0.0,0.0,,0.0,vllm,True,8,7977.32,7977.32,7977.32,997.165,997.165,33.838,GLM-5 NVFP4 / vllm / disagg,True
glm_trtllm,GLM-5 NVFP4,disagg,glm_trtllm/nvidia/GLM-5-NVFP4_b300_sxm_trtllm_isl4000_osl1000_ttft2000_tpot30_509875/disagg/pareto.csv,nvidia/GLM-5-NVFP4,4000,1000,0,256,7.24,,,895.084,29.523,30388.561,7.24,0.905,7239.6,904.95,33.871,8,,,,,,,,,,,,,,,,,,,,,,0.0,904.95,1.0,2.0,2.0,64.0,256.0,1.0,4.022,8.68,1.0,1.0,2.0,1.0,2.0,tp1pp1dp2etp1ep2,nvfp4,fp8,bfloat16,nvfp4,half,209.774,trtllm,1.3.0rc10,b300_sxm,1.0,1.0,4.0,1.0,4.0,tp1pp1dp4etp1ep4,nvfp4,fp8,bfloat16,nvfp4,half,125.617,trtllm,1.3.0rc10,b300_sxm,0.0,0.0,0.0,,0.0,trtllm,True,8,7239.6,7239.6,7239.6,904.95,904.95,33.871,GLM-5 NVFP4 / trtllm / disagg,True
glm_trtllm,GLM-5 NVFP4,disagg,glm_trtllm/nvidia/GLM-5-NVFP4_b300_sxm_trtllm_isl4000_osl1000_ttft2000_tpot30_509875/disagg/pareto.csv,nvidia/GLM-5-NVFP4,4000,1000,0,224,7.041,,,895.084,29.298,30163.786,7.041,0.88,7040.76,880.095,34.132,8,,,,,,,,,,,,,,,,,,,,,,0.0,880.095,1.0,2.0,2.0,56.0,224.0,1.0,4.022,7.653,1.0,1.0,2.0,1.0,2.0,tp1pp1dp2etp1ep2,nvfp4,fp8,bfloat16,nvfp4,half,209.774,trtllm,1.3.0rc10,b300_sxm,1.0,1.0,4.0,2.0,2.0,tp1pp1dp4etp2ep2,nvfp4,fp8,bfloat16,nvfp4,half,123.374,trtllm,1.3.0rc10,b300_sxm,0.0,0.0,0.0,,0.0,trtllm,True,8,7040.76,7040.76,7040.76,880.095,880.095,34.132,GLM-5 NVFP4 / trtllm / disagg,True
glm_trtllm,GLM-5 NVFP4,agg,glm_trtllm/nvidia/GLM-5-NVFP4_b300_sxm_trtllm_isl4000_osl1000_ttft2000_tpot30_509875/agg/pareto.csv,nvidia/GLM-5-NVFP4,4000,1000,0,160,5.541,20.0,160.0,1637.123,27.235,28844.542,5.541,0.693,5535.347,691.918,36.718,8,1.0,1.0,8.0,1.0,8.0,tp1pp1dp8etp1ep8,nvfp4,fp8,bfloat16,nvfp4,half,70.533,0.02,1.0,19.0,4019.0,4000.0,19.0,trtllm,1.3.0rc10,b300_sxm,0.0,691.918,,,,,,,,,,,,,,,,,,,,,,,,,,,,,,,,,,,,,,,,,,,,trtllm,True,8,5535.347,5535.344,5535.344,691.918,691.918,36.718,GLM-5 NVFP4 / trtllm / agg,True
glm_trtllm,GLM-5 NVFP4,disagg,glm_trtllm/nvidia/GLM-5-NVFP4_b300_sxm_trtllm_isl4000_osl1000_ttft2000_tpot30_509875/disagg/pareto.csv,nvidia/GLM-5-NVFP4,4000,1000,0,144,5.39,,,895.084,24.602,25472.482,5.39,0.674,5390.28,673.785,40.647,8,,,,,,,,,,,,,,,,,,,,,,0.0,673.785,1.0,2.0,2.0,36.0,144.0,1.0,4.022,5.859,1.0,1.0,2.0,1.0,2.0,tp1pp1dp2etp1ep2,nvfp4,fp8,bfloat16,nvfp4,half,209.774,trtllm,1.3.0rc10,b300_sxm,1.0,1.0,4.0,1.0,4.0,tp1pp1dp4etp1ep4,nvfp4,fp8,bfloat16,nvfp4,half,117.766,trtllm,1.3.0rc10,b300_sxm,0.0,0.0,0.0,,0.0,trtllm,True,8,5390.28,5390.28,5390.28,673.785,673.785,40.647,GLM-5 NVFP4 / trtllm / disagg,True
glm_trtllm,GLM-5 NVFP4,agg,glm_trtllm/nvidia/GLM-5-NVFP4_b300_sxm_trtllm_isl4000_osl1000_ttft2000_tpot30_509875/agg/pareto.csv,nvidia/GLM-5-NVFP4,4000,1000,0,128,4.994,16.0,128.0,1520.592,23.983,25479.631,4.994,0.624,4988.667,623.583,41.696,8,1.0,1.0,8.0,1.0,8.0,tp1pp1dp8etp1ep8,nvfp4,fp8,bfloat16,nvfp4,half,69.412,0.016,1.0,15.0,4015.0,4000.0,15.0,trtllm,1.3.0rc10,b300_sxm,0.0,623.583,,,,,,,,,,,,,,,,,,,,,,,,,,,,,,,,,,,,,,,,,,,,trtllm,True,8,4988.667,4988.664,4988.664,623.583,623.583,41.696,GLM-5 NVFP4 / trtllm / agg,True
glm_trtllm,GLM-5 NVFP4,agg,glm_trtllm/nvidia/GLM-5-NVFP4_b300_sxm_trtllm_isl4000_osl1000_ttft2000_tpot30_509875/agg/pareto.csv,nvidia/GLM-5-NVFP4,4000,1000,0,120,4.804,15.0,120.0,1491.501,23.33,24798.197,4.804,0.6,4798.847,599.856,42.863,8,1.0,1.0,8.0,1.0,8.0,tp1pp1dp8etp1ep8,nvfp4,fp8,bfloat16,nvfp4,half,69.131,0.015,1.0,14.0,4014.0,4000.0,14.0,trtllm,1.3.0rc10,b300_sxm,0.0,599.856,,,,,,,,,,,,,,,,,,,,,,,,,,,,,,,,,,,,,,,,,,,,trtllm,True,8,4798.847,4798.848,4798.848,599.856,599.856,42.863,GLM-5 NVFP4 / trtllm / agg,True
glm_trtllm,GLM-5 NVFP4,agg,glm_trtllm/nvidia/GLM-5-NVFP4_b300_sxm_trtllm_isl4000_osl1000_ttft2000_tpot30_509875/agg/pareto.csv,nvidia/GLM-5-NVFP4,4000,1000,0,112,4.603,14.0,112.0,1462.425,22.677,24116.9,4.603,0.575,4598.839,574.855,44.097,8,1.0,1.0,8.0,1.0,8.0,tp1pp1dp8etp1ep8,nvfp4,fp8,bfloat16,nvfp4,half,68.851,0.014,1.0,13.0,4013.0,4000.0,13.0,trtllm,1.3.0rc10,b300_sxm,0.0,574.855,,,,,,,,,,,,,,,,,,,,,,,,,,,,,,,,,,,,,,,,,,,,trtllm,True,8,4598.839,4598.84,4598.84,574.855,574.855,44.097,GLM-5 NVFP4 / trtllm / agg,True
glm_trtllm,GLM-5 NVFP4,agg,glm_trtllm/nvidia/GLM-5-NVFP4_b300_sxm_trtllm_isl4000_osl1000_ttft2000_tpot30_509875/agg/pareto.csv,nvidia/GLM-5-NVFP4,4000,1000,0,104,4.392,13.0,104.0,1433.365,22.024,23435.74,4.392,0.549,4387.803,548.475,45.404,8,1.0,1.0,8.0,1.0,8.0,tp1pp1dp8etp1ep8,nvfp4,fp8,bfloat16,nvfp4,half,68.571,0.013,1.0,12.0,4012.0,4000.0,12.0,trtllm,1.3.0rc10,b300_sxm,0.0,548.475,,,,,,,,,,,,,,,,,,,,,,,,,,,,,,,,,,,,,,,,,,,,trtllm,True,8,4387.803,4387.8,4387.8,548.475,548.475,45.404,GLM-5 NVFP4 / trtllm / agg,True
glm_trtllm,GLM-5 NVFP4,agg,glm_trtllm/nvidia/GLM-5-NVFP4_b300_sxm_trtllm_isl4000_osl1000_ttft2000_tpot30_509875/agg/pareto.csv,nvidia/GLM-5-NVFP4,4000,1000,0,96,4.169,12.0,96.0,1404.319,21.372,22754.717,4.169,0.521,4164.809,520.601,46.791,8,1.0,1.0,8.0,1.0,8.0,tp1pp1dp8etp1ep8,nvfp4,fp8,bfloat16,nvfp4,half,68.29,0.012,1.0,11.0,4011.0,4000.0,11.0,trtllm,1.3.0rc10,b300_sxm,0.0,520.601,,,,,,,,,,,,,,,,,,,,,,,,,,,,,,,,,,,,,,,,,,,,trtllm,True,8,4164.809,4164.808,4164.808,520.601,520.601,46.791,GLM-5 NVFP4 / trtllm / agg,True
glm_trtllm,GLM-5 NVFP4,agg,glm_trtllm/nvidia/GLM-5-NVFP4_b300_sxm_trtllm_isl4000_osl1000_ttft2000_tpot30_509875/agg/pareto.csv,nvidia/GLM-5-NVFP4,4000,1000,0,88,3.938,11.0,88.0,1375.29,20.688,22042.618,3.938,0.492,3934.292,491.786,48.337,8,1.0,1.0,8.0,1.0,8.0,tp1pp1dp8etp1ep8,nvfp4,fp8,bfloat16,nvfp4,half,68.01,0.011,1.0,10.0,4010.0,4000.0,10.0,trtllm,1.3.0rc10,b300_sxm,0.0,491.786,,,,,,,,,,,,,,,,,,,,,,,,,,,,,,,,,,,,,,,,,,,,trtllm,True,8,3934.292,3934.288,3934.288,491.786,491.786,48.337,GLM-5 NVFP4 / trtllm / agg,True
glm_trtllm,GLM-5 NVFP4,agg,glm_trtllm/nvidia/GLM-5-NVFP4_b300_sxm_trtllm_isl4000_osl1000_ttft2000_tpot30_509875/agg/pareto.csv,nvidia/GLM-5-NVFP4,4000,1000,0,80,3.696,10.0,80.0,1346.276,19.988,21313.833,3.696,0.462,3692.097,461.512,50.031,8,1.0,1.0,8.0,1.0,8.0,tp1pp1dp8etp1ep8,nvfp4,fp8,bfloat16,nvfp4,half,67.729,0.01,1.0,9.0,4009.0,4000.0,9.0,trtllm,1.3.0rc10,b300_sxm,0.0,461.512,,,,,,,,,,,,,,,,,,,,,,,,,,,,,,,,,,,,,,,,,,,,trtllm,True,8,3692.097,3692.096,3692.096,461.512,461.512,50.031,GLM-5 NVFP4 / trtllm / agg,True
glm_trtllm,GLM-5 NVFP4,agg,glm_trtllm/nvidia/GLM-5-NVFP4_b300_sxm_trtllm_isl4000_osl1000_ttft2000_tpot30_509875/agg/pareto.csv,nvidia/GLM-5-NVFP4,4000,1000,0,72,3.457,9.0,72.0,1317.277,19.168,20465.842,3.457,0.432,3453.359,431.67,52.171,8,1.0,1.0,8.0,1.0,8.0,tp1pp1dp8etp1ep8,nvfp4,fp8,bfloat16,nvfp4,half,67.449,0.009,1.0,8.0,4008.0,4000.0,8.0,trtllm,1.3.0rc10,b300_sxm,0.0,431.67,,,,,,,,,,,,,,,,,,,,,,,,,,,,,,,,,,,,,,,,,,,,trtllm,True,8,3453.359,3453.36,3453.36,431.67,431.67,52.171,GLM-5 NVFP4 / trtllm / agg,True
glm_trtllm,GLM-5 NVFP4,agg,glm_trtllm/nvidia/GLM-5-NVFP4_b300_sxm_trtllm_isl4000_osl1000_ttft2000_tpot30_509875/agg/pareto.csv,nvidia/GLM-5-NVFP4,4000,1000,0,64,3.21,8.0,64.0,1288.355,18.275,19544.921,3.21,0.401,3206.769,400.846,54.72,8,1.0,1.0,8.0,1.0,8.0,tp1pp1dp8etp1ep8,nvfp4,fp8,bfloat16,nvfp4,half,67.169,0.008,1.0,7.0,4007.0,4000.0,7.0,trtllm,1.3.0rc10,b300_sxm,0.0,400.846,,,,,,,,,,,,,,,,,,,,,,,,,,,,,,,,,,,,,,,,,,,,trtllm,True,8,3206.769,3206.768,3206.768,400.846,400.846,54.72,GLM-5 NVFP4 / trtllm / agg,True
glm_trtllm,GLM-5 NVFP4,agg,glm_trtllm/nvidia/GLM-5-NVFP4_b300_sxm_trtllm_isl4000_osl1000_ttft2000_tpot30_509875/agg/pareto.csv,nvidia/GLM-5-NVFP4,4000,1000,0,56,2.926,7.0,56.0,1259.447,17.475,18716.768,2.926,0.366,2922.915,365.364,57.225,8,1.0,1.0,8.0,1.0,8.0,tp1pp1dp8etp1ep8,nvfp4,fp8,bfloat16,nvfp4,half,66.888,0.007,1.0,6.0,4006.0,4000.0,6.0,trtllm,1.3.0rc10,b300_sxm,0.0,365.364,,,,,,,,,,,,,,,,,,,,,,,,,,,,,,,,,,,,,,,,,,,,trtllm,True,8,2922.915,2922.912,2922.912,365.364,365.364,57.225,GLM-5 NVFP4 / trtllm / agg,True
glm_trtllm,GLM-5 NVFP4,agg,glm_trtllm/nvidia/GLM-5-NVFP4_b300_sxm_trtllm_isl4000_osl1000_ttft2000_tpot30_509875/agg/pareto.csv,nvidia/GLM-5-NVFP4,4000,1000,0,48,2.622,6.0,48.0,1230.551,16.641,17855.053,2.622,0.328,2619.145,327.393,60.092,8,1.0,1.0,8.0,1.0,8.0,tp1pp1dp8etp1ep8,nvfp4,fp8,bfloat16,nvfp4,half,66.608,0.006,1.0,5.0,4005.0,4000.0,5.0,trtllm,1.3.0rc10,b300_sxm,0.0,327.393,,,,,,,,,,,,,,,,,,,,,,,,,,,,,,,,,,,,,,,,,,,,trtllm,True,8,2619.145,2619.144,2619.144,327.393,327.393,60.092,GLM-5 NVFP4 / trtllm / agg,True
glm_trtllm,GLM-5 NVFP4,agg,glm_trtllm/nvidia/GLM-5-NVFP4_b300_sxm_trtllm_isl4000_osl1000_ttft2000_tpot30_509875/agg/pareto.csv,nvidia/GLM-5-NVFP4,4000,1000,0,40,2.214,5.0,40.0,1278.003,16.289,17550.727,2.214,0.277,2211.906,276.488,61.391,8,1.0,1.0,8.0,2.0,4.0,tp1pp1dp8etp2ep4,nvfp4,fp8,bfloat16,nvfp4,half,70.327,0.005,1.0,4.0,4004.0,4000.0,4.0,trtllm,1.3.0rc10,b300_sxm,0.0,276.488,,,,,,,,,,,,,,,,,,,,,,,,,,,,,,,,,,,,,,,,,,,,trtllm,True,8,2211.906,2211.904,2211.904,276.488,276.488,61.391,GLM-5 NVFP4 / trtllm / agg,True
glm_trtllm,GLM-5 NVFP4,agg,glm_trtllm/nvidia/GLM-5-NVFP4_b300_sxm_trtllm_isl4000_osl1000_ttft2000_tpot30_509875/agg/pareto.csv,nvidia/GLM-5-NVFP4,4000,1000,0,16,0.95,16.0,16.0,875.651,15.727,16587.124,0.95,0.237,948.743,237.186,63.584,4,4.0,1.0,1.0,1.0,4.0,tp4pp1dp1etp1ep4,nvfp4,fp8,bfloat16,nvfp4,half,112.168,0.008,2.0,14.0,8014.0,8000.0,14.0,trtllm,1.3.0rc10,b300_sxm,0.0,237.186,,,,,,,,,,,,,,,,,,,,,,,,,,,,,,,,,,,,,,,,,,,,trtllm,True,8,948.743,1897.488,1897.488,237.186,237.186,63.584,GLM-5 NVFP4 / trtllm / agg,True
glm_trtllm,GLM-5 NVFP4,agg,glm_trtllm/nvidia/GLM-5-NVFP4_b300_sxm_trtllm_isl4000_osl1000_ttft2000_tpot30_509875/agg/pareto.csv,nvidia/GLM-5-NVFP4,4000,1000,0,32,1.895,4.0,32.0,1172.915,15.213,16370.623,1.895,0.237,1893.419,236.677,65.734,8,1.0,1.0,8.0,1.0,8.0,tp1pp1dp8etp1ep8,nvfp4,fp8,bfloat16,nvfp4,half,66.047,0.004,1.0,3.0,4003.0,4000.0,3.0,trtllm,1.3.0rc10,b300_sxm,0.0,236.677,,,,,,,,,,,,,,,,,,,,,,,,,,,,,,,,,,,,,,,,,,,,trtllm,True,8,1893.419,1893.416,1893.416,236.677,236.677,65.734,GLM-5 NVFP4 / trtllm / agg,True
glm_trtllm,GLM-5 NVFP4,agg,glm_trtllm/nvidia/GLM-5-NVFP4_b300_sxm_trtllm_isl4000_osl1000_ttft2000_tpot30_509875/agg/pareto.csv,nvidia/GLM-5-NVFP4,4000,1000,0,13,0.8,13.0,13.0,893.765,15.081,15960.074,0.8,0.2,798.958,199.74,66.307,4,4.0,1.0,1.0,2.0,2.0,tp4pp1dp1etp2ep2,nvfp4,fp8,bfloat16,nvfp4,half,112.327,0.006,2.0,11.0,8011.0,8000.0,11.0,trtllm,1.3.0rc10,b300_sxm,0.0,199.74,,,,,,,,,,,,,,,,,,,,,,,,,,,,,,,,,,,,,,,,,,,,trtllm,True,8,798.958,1597.92,1597.92,199.74,199.74,66.307,GLM-5 NVFP4 / trtllm / agg,True
glm_trtllm,GLM-5 NVFP4,agg,glm_trtllm/nvidia/GLM-5-NVFP4_b300_sxm_trtllm_isl4000_osl1000_ttft2000_tpot30_509875/agg/pareto.csv,nvidia/GLM-5-NVFP4,4000,1000,0,12,0.764,12.0,12.0,873.313,14.524,15382.908,0.764,0.191,763.61,190.902,68.851,4,4.0,1.0,1.0,2.0,2.0,tp4pp1dp1etp2ep2,nvfp4,fp8,bfloat16,nvfp4,half,112.046,0.006,2.0,10.0,8010.0,8000.0,10.0,trtllm,1.3.0rc10,b300_sxm,0.0,190.902,,,,,,,,,,,,,,,,,,,,,,,,,,,,,,,,,,,,,,,,,,,,trtllm,True,8,763.61,1527.216,1527.216,190.902,190.902,68.851,GLM-5 NVFP4 / trtllm / agg,True
glm_trtllm,GLM-5 NVFP4,agg,glm_trtllm/nvidia/GLM-5-NVFP4_b300_sxm_trtllm_isl4000_osl1000_ttft2000_tpot30_509875/agg/pareto.csv,nvidia/GLM-5-NVFP4,4000,1000,0,11,0.708,11.0,11.0,873.174,14.361,15219.594,0.708,0.177,707.321,176.83,69.634,4,4.0,1.0,1.0,2.0,2.0,tp4pp1dp1etp2ep2,nvfp4,fp8,bfloat16,nvfp4,half,111.766,0.006,2.0,9.0,8009.0,8000.0,9.0,trtllm,1.3.0rc10,b300_sxm,0.0,176.83,,,,,,,,,,,,,,,,,,,,,,,,,,,,,,,,,,,,,,,,,,,,trtllm,True,8,707.321,1414.64,1414.64,176.83,176.83,69.634,GLM-5 NVFP4 / trtllm / agg,True
glm_trtllm,GLM-5 NVFP4,agg,glm_trtllm/nvidia/GLM-5-NVFP4_b300_sxm_trtllm_isl4000_osl1000_ttft2000_tpot30_509875/agg/pareto.csv,nvidia/GLM-5-NVFP4,4000,1000,0,10,0.667,10.0,10.0,852.732,13.808,14647.037,0.667,0.167,666.672,166.668,72.421,4,4.0,1.0,1.0,2.0,2.0,tp4pp1dp1etp2ep2,nvfp4,fp8,bfloat16,nvfp4,half,111.485,0.005,2.0,8.0,8008.0,8000.0,8.0,trtllm,1.3.0rc10,b300_sxm,0.0,166.668,,,,,,,,,,,,,,,,,,,,,,,,,,,,,,,,,,,,,,,,,,,,trtllm,True,8,666.672,1333.344,1333.344,166.668,166.668,72.421,GLM-5 NVFP4 / trtllm / agg,True
glm_trtllm,GLM-5 NVFP4,agg,glm_trtllm/nvidia/GLM-5-NVFP4_b300_sxm_trtllm_isl4000_osl1000_ttft2000_tpot30_509875/agg/pareto.csv,nvidia/GLM-5-NVFP4,4000,1000,0,9,0.607,9.0,9.0,852.726,13.652,14491.225,0.607,0.152,606.297,151.574,73.249,4,4.0,1.0,1.0,2.0,2.0,tp4pp1dp1etp2ep2,nvfp4,fp8,bfloat16,nvfp4,half,111.205,0.004,2.0,7.0,8007.0,8000.0,7.0,trtllm,1.3.0rc10,b300_sxm,0.0,151.574,,,,,,,,,,,,,,,,,,,,,,,,,,,,,,,,,,,,,,,,,,,,trtllm,True,8,606.297,1212.592,1212.592,151.574,151.574,73.249,GLM-5 NVFP4 / trtllm / agg,True
glm_trtllm,GLM-5 NVFP4,agg,glm_trtllm/nvidia/GLM-5-NVFP4_b300_sxm_trtllm_isl4000_osl1000_ttft2000_tpot30_509875/agg/pareto.csv,nvidia/GLM-5-NVFP4,4000,1000,0,8,0.562,8.0,8.0,832.417,13.063,13882.389,0.562,0.14,561.156,140.289,76.552,4,4.0,1.0,1.0,2.0,2.0,tp4pp1dp1etp2ep2,nvfp4,fp8,bfloat16,nvfp4,half,110.924,0.004,2.0,6.0,8006.0,8000.0,6.0,trtllm,1.3.0rc10,b300_sxm,0.0,140.289,,,,,,,,,,,,,,,,,,,,,,,,,,,,,,,,,,,,,,,,,,,,trtllm,True,8,561.156,1122.312,1122.312,140.289,140.289,76.552,GLM-5 NVFP4 / trtllm / agg,True
glm_trtllm,GLM-5 NVFP4,agg,glm_trtllm/nvidia/GLM-5-NVFP4_b300_sxm_trtllm_isl4000_osl1000_ttft2000_tpot30_509875/agg/pareto.csv,nvidia/GLM-5-NVFP4,4000,1000,0,14,1.019,14.0,14.0,809.606,12.672,13469.164,1.019,0.127,1018.036,127.254,78.913,8,8.0,1.0,1.0,2.0,4.0,tp8pp1dp1etp2ep4,nvfp4,fp8,bfloat16,nvfp4,half,61.833,0.007,2.0,12.0,8012.0,8000.0,12.0,trtllm,1.3.0rc10,b300_sxm,0.0,127.254,,,,,,,,,,,,,,,,,,,,,,,,,,,,,,,,,,,,,,,,,,,,trtllm,True,8,1018.036,1018.032,1018.032,127.254,127.254,78.913,GLM-5 NVFP4 / trtllm / agg,True
glm_trtllm,GLM-5 NVFP4,agg,glm_trtllm/nvidia/GLM-5-NVFP4_b300_sxm_trtllm_isl4000_osl1000_ttft2000_tpot30_509875/agg/pareto.csv,nvidia/GLM-5-NVFP4,4000,1000,0,13,0.953,13.0,13.0,809.506,12.581,13378.14,0.953,0.119,951.614,118.952,79.484,8,8.0,1.0,1.0,2.0,4.0,tp8pp1dp1etp2ep4,nvfp4,fp8,bfloat16,nvfp4,half,61.553,0.006,2.0,11.0,8011.0,8000.0,11.0,trtllm,1.3.0rc10,b300_sxm,0.0,118.952,,,,,,,,,,,,,,,,,,,,,,,,,,,,,,,,,,,,,,,,,,,,trtllm,True,8,951.614,951.616,951.616,118.952,118.952,79.484,GLM-5 NVFP4 / trtllm / agg,True
glm_trtllm,GLM-5 NVFP4,agg,glm_trtllm/nvidia/GLM-5-NVFP4_b300_sxm_trtllm_isl4000_osl1000_ttft2000_tpot30_509875/agg/pareto.csv,nvidia/GLM-5-NVFP4,4000,1000,0,6,0.458,6.0,6.0,812.102,12.314,13113.769,0.458,0.114,457.506,114.377,81.209,4,4.0,1.0,1.0,2.0,2.0,tp4pp1dp1etp2ep2,nvfp4,fp8,bfloat16,nvfp4,half,110.364,0.003,2.0,4.0,8004.0,8000.0,4.0,trtllm,1.3.0rc10,b300_sxm,0.0,114.377,,,,,,,,,,,,,,,,,,,,,,,,,,,,,,,,,,,,,,,,,,,,trtllm,True,8,457.506,915.016,915.016,114.377,114.377,81.209,GLM-5 NVFP4 / trtllm / agg,True
glm_trtllm,GLM-5 NVFP4,agg,glm_trtllm/nvidia/GLM-5-NVFP4_b300_sxm_trtllm_isl4000_osl1000_ttft2000_tpot30_509875/agg/pareto.csv,nvidia/GLM-5-NVFP4,4000,1000,0,12,0.909,12.0,12.0,791.011,12.132,12911.151,0.909,0.114,908.209,113.526,82.425,8,8.0,1.0,1.0,2.0,4.0,tp8pp1dp1etp2ep4,nvfp4,fp8,bfloat16,nvfp4,half,61.272,0.006,2.0,10.0,8010.0,8000.0,10.0,trtllm,1.3.0rc10,b300_sxm,0.0,113.526,,,,,,,,,,,,,,,,,,,,,,,,,,,,,,,,,,,,,,,,,,,,trtllm,True,8,908.209,908.208,908.208,113.526,113.526,82.425,GLM-5 NVFP4 / trtllm / agg,True
glm_trtllm,GLM-5 NVFP4,agg,glm_trtllm/nvidia/GLM-5-NVFP4_b300_sxm_trtllm_isl4000_osl1000_ttft2000_tpot30_509875/agg/pareto.csv,nvidia/GLM-5-NVFP4,4000,1000,0,11,0.839,11.0,11.0,790.914,12.041,12820.084,0.839,0.105,838.299,104.787,83.048,8,8.0,1.0,1.0,2.0,4.0,tp8pp1dp1etp2ep4,nvfp4,fp8,bfloat16,nvfp4,half,60.992,0.006,2.0,9.0,8009.0,8000.0,9.0,trtllm,1.3.0rc10,b300_sxm,0.0,104.787,,,,,,,,,,,,,,,,,,,,,,,,,,,,,,,,,,,,,,,,,,,,trtllm,True,8,838.299,838.296,838.296,104.787,104.787,83.048,GLM-5 NVFP4 / trtllm / agg,True
glm_trtllm,GLM-5 NVFP4,agg,glm_trtllm/nvidia/GLM-5-NVFP4_b300_sxm_trtllm_isl4000_osl1000_ttft2000_tpot30_509875/agg/pareto.csv,nvidia/GLM-5-NVFP4,4000,1000,0,5,0.396,5.0,5.0,486.134,11.971,12444.924,0.396,0.099,395.508,98.877,83.537,4,4.0,1.0,1.0,2.0,2.0,tp4pp1dp1etp2ep2,nvfp4,fp8,bfloat16,nvfp4,half,110.083,0.005,1.0,4.0,4004.0,4000.0,4.0,trtllm,1.3.0rc10,b300_sxm,0.0,98.877,,,,,,,,,,,,,,,,,,,,,,,,,,,,,,,,,,,,,,,,,,,,trtllm,True,8,395.508,791.016,791.016,98.877,98.877,83.537,GLM-5 NVFP4 / trtllm / agg,True
glm_trtllm,GLM-5 NVFP4,agg,glm_trtllm/nvidia/GLM-5-NVFP4_b300_sxm_trtllm_isl4000_osl1000_ttft2000_tpot30_509875/agg/pareto.csv,nvidia/GLM-5-NVFP4,4000,1000,0,10,0.79,10.0,10.0,772.425,11.594,12355.079,0.79,0.099,788.917,98.615,86.25,8,8.0,1.0,1.0,2.0,4.0,tp8pp1dp1etp2ep4,nvfp4,fp8,bfloat16,nvfp4,half,60.712,0.005,2.0,8.0,8008.0,8000.0,8.0,trtllm,1.3.0rc10,b300_sxm,0.0,98.615,,,,,,,,,,,,,,,,,,,,,,,,,,,,,,,,,,,,,,,,,,,,trtllm,True,8,788.917,788.92,788.92,98.615,98.615,86.25,GLM-5 NVFP4 / trtllm / agg,True
glm_trtllm,GLM-5 NVFP4,agg,glm_trtllm/nvidia/GLM-5-NVFP4_b300_sxm_trtllm_isl4000_osl1000_ttft2000_tpot30_509875/agg/pareto.csv,nvidia/GLM-5-NVFP4,4000,1000,0,9,0.716,9.0,9.0,772.347,11.506,12267.174,0.716,0.089,714.981,89.373,86.909,8,8.0,1.0,1.0,2.0,4.0,tp8pp1dp1etp2ep4,nvfp4,fp8,bfloat16,nvfp4,half,60.431,0.004,2.0,7.0,8007.0,8000.0,7.0,trtllm,1.3.0rc10,b300_sxm,0.0,89.373,,,,,,,,,,,,,,,,,,,,,,,,,,,,,,,,,,,,,,,,,,,,trtllm,True,8,714.981,714.984,714.984,89.373,89.373,86.909,GLM-5 NVFP4 / trtllm / agg,True
glm_trtllm,GLM-5 NVFP4,agg,glm_trtllm/nvidia/GLM-5-NVFP4_b300_sxm_trtllm_isl4000_osl1000_ttft2000_tpot30_509875/agg/pareto.csv,nvidia/GLM-5-NVFP4,4000,1000,0,4,0.336,4.0,4.0,791.658,11.496,12276.385,0.336,0.084,336.061,84.015,86.985,4,4.0,1.0,1.0,2.0,2.0,tp4pp1dp1etp2ep2,nvfp4,fp8,bfloat16,nvfp4,half,109.803,0.002,2.0,2.0,8002.0,8000.0,2.0,trtllm,1.3.0rc10,b300_sxm,0.0,84.015,,,,,,,,,,,,,,,,,,,,,,,,,,,,,,,,,,,,,,,,,,,,trtllm,True,8,336.061,672.12,672.12,84.015,84.015,86.985,GLM-5 NVFP4 / trtllm / agg,True
glm_trtllm,GLM-5 NVFP4,agg,glm_trtllm/nvidia/GLM-5-NVFP4_b300_sxm_trtllm_isl4000_osl1000_ttft2000_tpot30_509875/agg/pareto.csv,nvidia/GLM-5-NVFP4,4000,1000,0,4,0.334,4.0,4.0,474.491,11.322,11785.14,0.334,0.083,333.49,83.372,88.324,4,4.0,1.0,1.0,2.0,2.0,tp4pp1dp1etp2ep2,nvfp4,fp8,bfloat16,nvfp4,half,109.803,0.004,1.0,3.0,4003.0,4000.0,3.0,trtllm,1.3.0rc10,b300_sxm,0.0,83.372,,,,,,,,,,,,,,,,,,,,,,,,,,,,,,,,,,,,,,,,,,,,trtllm,True,8,333.49,666.976,666.976,83.372,83.372,88.324,GLM-5 NVFP4 / trtllm / agg,True
glm_trtllm,GLM-5 NVFP4,agg,glm_trtllm/nvidia/GLM-5-NVFP4_b300_sxm_trtllm_isl4000_osl1000_ttft2000_tpot30_509875/agg/pareto.csv,nvidia/GLM-5-NVFP4,4000,1000,0,8,0.662,8.0,8.0,753.882,11.022,11765.235,0.662,0.083,660.903,82.613,90.725,8,8.0,1.0,1.0,2.0,4.0,tp8pp1dp1etp2ep4,nvfp4,fp8,bfloat16,nvfp4,half,60.151,0.004,2.0,6.0,8006.0,8000.0,6.0,trtllm,1.3.0rc10,b300_sxm,0.0,82.613,,,,,,,,,,,,,,,,,,,,,,,,,,,,,,,,,,,,,,,,,,,,trtllm,True,8,660.903,660.904,660.904,82.613,82.613,90.725,GLM-5 NVFP4 / trtllm / agg,True
glm_trtllm,GLM-5 NVFP4,agg,glm_trtllm/nvidia/GLM-5-NVFP4_b300_sxm_trtllm_isl4000_osl1000_ttft2000_tpot30_509875/agg/pareto.csv,nvidia/GLM-5-NVFP4,4000,1000,0,7,0.589,7.0,7.0,753.805,10.806,11549.197,0.589,0.074,588.79,73.599,92.539,8,8.0,1.0,1.0,2.0,4.0,tp8pp1dp1etp2ep4,nvfp4,fp8,bfloat16,nvfp4,half,59.87,0.004,2.0,5.0,8005.0,8000.0,5.0,trtllm,1.3.0rc10,b300_sxm,0.0,73.599,,,,,,,,,,,,,,,,,,,,,,,,,,,,,,,,,,,,,,,,,,,,trtllm,True,8,588.79,588.792,588.792,73.599,73.599,92.539,GLM-5 NVFP4 / trtllm / agg,True
glm_trtllm,GLM-5 NVFP4,agg,glm_trtllm/nvidia/GLM-5-NVFP4_b300_sxm_trtllm_isl4000_osl1000_ttft2000_tpot30_509875/agg/pareto.csv,nvidia/GLM-5-NVFP4,4000,1000,0,6,0.532,6.0,6.0,735.345,10.557,11281.934,0.532,0.067,531.79,66.474,94.723,8,8.0,1.0,1.0,2.0,4.0,tp8pp1dp1etp2ep4,nvfp4,fp8,bfloat16,nvfp4,half,59.59,0.003,2.0,4.0,8004.0,8000.0,4.0,trtllm,1.3.0rc10,b300_sxm,0.0,66.474,,,,,,,,,,,,,,,,,,,,,,,,,,,,,,,,,,,,,,,,,,,,trtllm,True,8,531.79,531.792,531.792,66.474,66.474,94.723,GLM-5 NVFP4 / trtllm / agg,True
glm_trtllm,GLM-5 NVFP4,agg,glm_trtllm/nvidia/GLM-5-NVFP4_b300_sxm_trtllm_isl4000_osl1000_ttft2000_tpot30_509875/agg/pareto.csv,nvidia/GLM-5-NVFP4,4000,1000,0,5,0.456,5.0,5.0,446.36,10.364,10799.723,0.456,0.057,455.321,56.915,96.49,8,8.0,1.0,1.0,2.0,4.0,tp8pp1dp1etp2ep4,nvfp4,fp8,bfloat16,nvfp4,half,59.31,0.005,1.0,4.0,4004.0,4000.0,4.0,trtllm,1.3.0rc10,b300_sxm,0.0,56.915,,,,,,,,,,,,,,,,,,,,,,,,,,,,,,,,,,,,,,,,,,,,trtllm,True,8,455.321,455.32,455.32,56.915,56.915,96.49,GLM-5 NVFP4 / trtllm / agg,True
glm_trtllm,GLM-5 NVFP4,agg,glm_trtllm/nvidia/GLM-5-NVFP4_b300_sxm_trtllm_isl4000_osl1000_ttft2000_tpot30_509875/agg/pareto.csv,nvidia/GLM-5-NVFP4,4000,1000,0,5,0.453,5.0,5.0,735.217,10.316,11040.586,0.453,0.057,452.845,56.606,96.94,8,8.0,1.0,1.0,2.0,4.0,tp8pp1dp1etp2ep4,nvfp4,fp8,bfloat16,nvfp4,half,59.31,0.002,2.0,3.0,8003.0,8000.0,3.0,trtllm,1.3.0rc10,b300_sxm,0.0,56.606,,,,,,,,,,,,,,,,,,,,,,,,,,,,,,,,,,,,,,,,,,,,trtllm,True,8,452.845,452.848,452.848,56.606,56.606,96.94,GLM-5 NVFP4 / trtllm / agg,True
glm_trtllm,GLM-5 NVFP4,agg,glm_trtllm/nvidia/GLM-5-NVFP4_b300_sxm_trtllm_isl4000_osl1000_ttft2000_tpot30_509875/agg/pareto.csv,nvidia/GLM-5-NVFP4,4000,1000,0,4,0.384,4.0,4.0,716.711,10.046,10752.388,0.384,0.048,384.112,48.014,99.545,8,8.0,1.0,1.0,2.0,4.0,tp8pp1dp1etp2ep4,nvfp4,fp8,bfloat16,nvfp4,half,59.029,0.002,2.0,2.0,8002.0,8000.0,2.0,trtllm,1.3.0rc10,b300_sxm,0.0,48.014,,,,,,,,,,,,,,,,,,,,,,,,,,,,,,,,,,,,,,,,,,,,trtllm,True,8,384.112,384.112,384.112,48.014,48.014,99.545,GLM-5 NVFP4 / trtllm / agg,True
glm_trtllm,GLM-5 NVFP4,agg,glm_trtllm/nvidia/GLM-5-NVFP4_b300_sxm_trtllm_isl4000_osl1000_ttft2000_tpot30_509875/agg/pareto.csv,nvidia/GLM-5-NVFP4,4000,1000,0,4,0.381,4.0,4.0,435.593,9.891,10316.618,0.381,0.048,380.619,47.577,101.103,8,8.0,1.0,1.0,2.0,4.0,tp8pp1dp1etp2ep4,nvfp4,fp8,bfloat16,nvfp4,half,59.029,0.004,1.0,3.0,4003.0,4000.0,3.0,trtllm,1.3.0rc10,b300_sxm,0.0,47.577,,,,,,,,,,,,,,,,,,,,,,,,,,,,,,,,,,,,,,,,,,,,trtllm,True,8,380.619,380.616,380.616,47.577,47.577,101.103,GLM-5 NVFP4 / trtllm / agg,True
glm_trtllm,GLM-5 NVFP4,agg,glm_trtllm/nvidia/GLM-5-NVFP4_b300_sxm_trtllm_isl4000_osl1000_ttft2000_tpot30_509875/agg/pareto.csv,nvidia/GLM-5-NVFP4,4000,1000,0,3,0.301,3.0,3.0,443.203,9.533,9967.121,0.301,0.038,300.977,37.622,104.894,8,8.0,1.0,1.0,4.0,2.0,tp8pp1dp1etp4ep2,nvfp4,fp8,bfloat16,nvfp4,half,59.749,0.003,1.0,2.0,4002.0,4000.0,2.0,trtllm,1.3.0rc10,b300_sxm,0.0,37.622,,,,,,,,,,,,,,,,,,,,,,,,,,,,,,,,,,,,,,,,,,,,trtllm,True,8,300.977,300.976,300.976,37.622,37.622,104.894,GLM-5 NVFP4 / trtllm / agg,True
glm_trtllm,GLM-5 NVFP4,agg,glm_trtllm/nvidia/GLM-5-NVFP4_b300_sxm_trtllm_isl4000_osl1000_ttft2000_tpot30_509875/agg/pareto.csv,nvidia/GLM-5-NVFP4,4000,1000,0,2,0.214,2.0,2.0,431.903,9.146,9568.832,0.214,0.027,213.498,26.687,109.337,8,8.0,1.0,1.0,4.0,2.0,tp8pp1dp1etp4ep2,nvfp4,fp8,bfloat16,nvfp4,half,59.468,0.002,1.0,1.0,4001.0,4000.0,1.0,trtllm,1.3.0rc10,b300_sxm,0.0,26.687,,,,,,,,,,,,,,,,,,,,,,,,,,,,,,,,,,,,,,,,,,,,trtllm,True,8,213.498,213.496,213.496,26.687,26.687,109.337,GLM-5 NVFP4 / trtllm / agg,True
glm_trtllm,GLM-5 NVFP4,agg,glm_trtllm/nvidia/GLM-5-NVFP4_b300_sxm_trtllm_isl4000_osl1000_ttft2000_tpot30_509875/agg/pareto.csv,nvidia/GLM-5-NVFP4,4000,1000,0,1,0.12,1.0,1.0,412.72,8.096,8500.732,0.12,0.015,120.286,15.036,123.516,8,8.0,1.0,1.0,4.0,2.0,tp8pp1dp1etp4ep2,nvfp4,fp8,bfloat16,nvfp4,half,59.188,0.001,1.0,1.0,4000.0,4000.0,1.0,trtllm,1.3.0rc10,b300_sxm,0.0,15.036,,,,,,,,,,,,,,,,,,,,,,,,,,,,,,,,,,,,,,,,,,,,trtllm,True,8,120.286,120.288,120.288,15.036,15.036,123.516,GLM-5 NVFP4 / trtllm / agg,True
kimi,Kimi K2.5 NVFP4,disagg,kimi/nvidia/Kimi-K2.5-NVFP4_b300_sxm_auto_isl4000_osl1000_ttft2000_tpot30_594291/disagg/pareto.csv,nvidia/Kimi-K2.5-NVFP4,4000,1000,0,480,14.64,,,442.606,29.977,30389.629,14.64,1.83,14640.3,1830.038,33.359,8,,,,,,,,,,,,,,,,,,,vllm,,,0.0,1830.038,1.0,4.0,1.0,120.0,480.0,1.0,16.267,16.028,1.0,1.0,4.0,1.0,4.0,tp1pp1dp4etp1ep4,nvfp4,fp8,bfloat16,nvfp4,half,158.287,vllm,0.19.0,b300_sxm,1.0,1.0,4.0,1.0,4.0,tp1pp1dp4etp1ep4,nvfp4,fp8,bfloat16,nvfp4,half,170.538,vllm,0.19.0,b300_sxm,0.0,0.0,0.0,,0.0,vllm,True,8,14640.3,14640.304,14640.304,1830.038,1830.038,33.359,Kimi K2.5 NVFP4 / vllm / disagg,True
kimi,Kimi K2.5 NVFP4,disagg,kimi/nvidia/Kimi-K2.5-NVFP4_b300_sxm_auto_isl4000_osl1000_ttft2000_tpot30_594291/disagg/pareto.csv,nvidia/Kimi-K2.5-NVFP4,4000,1000,0,512,13.595,,,476.64,29.57,30017.07,13.595,1.699,13595.4,1699.425,33.818,8,,,,,,,,,,,,,,,,,,,trtllm,,,0.0,1699.425,1.0,4.0,1.0,128.0,512.0,1.0,15.106,17.332,1.0,1.0,4.0,1.0,4.0,tp1pp1dp4etp1ep4,nvfp4,fp8,bfloat16,nvfp4,half,158.287,trtllm,1.3.0rc10,b300_sxm,1.0,1.0,4.0,1.0,4.0,tp1pp1dp4etp1ep4,nvfp4,fp8,fp8,nvfp4,half,171.862,trtllm,1.3.0rc10,b300_sxm,0.0,0.0,0.0,,0.0,trtllm,True,8,13595.4,13595.4,13595.4,1699.425,1699.425,33.818,Kimi K2.5 NVFP4 / trtllm / disagg,True
kimi,Kimi K2.5 NVFP4,agg,kimi/nvidia/Kimi-K2.5-NVFP4_b300_sxm_auto_isl4000_osl1000_ttft2000_tpot30_594291/agg/pareto.csv,nvidia/Kimi-K2.5-NVFP4,4000,1000,0,384,13.074,48.0,384.0,1129.877,28.609,29710.412,13.074,1.634,13061.169,1632.646,34.954,8,1.0,1.0,8.0,1.0,8.0,tp1pp1dp8etp1ep8,nvfp4,fp8,bfloat16,nvfp4,half,101.125,0.048,1.0,47.0,4047.0,4000.0,47.0,sglang,0.5.10,b300_sxm,0.0,1632.646,,,,,,,,,,,,,,,,,,,,,,,,,,,,,,,,,,,,,,,,,,,,sglang,True,8,13061.169,13061.168,13061.168,1632.646,1632.646,34.954,Kimi K2.5 NVFP4 / sglang / agg,True
kimi,Kimi K2.5 NVFP4,agg,kimi/nvidia/Kimi-K2.5-NVFP4_b300_sxm_auto_isl4000_osl1000_ttft2000_tpot30_594291/agg/pareto.csv,nvidia/Kimi-K2.5-NVFP4,4000,1000,0,384,12.741,48.0,384.0,1770.096,28.484,30225.436,12.741,1.593,12728.036,1591.004,35.108,8,1.0,1.0,8.0,1.0,8.0,tp1pp1dp8etp1ep8,nvfp4,fp8,bfloat16,nvfp4,half,110.458,0.024,2.0,46.0,8046.0,8000.0,46.0,sglang,0.5.10,b300_sxm,0.0,1591.004,,,,,,,,,,,,,,,,,,,,,,,,,,,,,,,,,,,,,,,,,,,,sglang,True,8,12728.036,12728.032,12728.032,1591.004,1591.004,35.108,Kimi K2.5 NVFP4 / sglang / agg,True
kimi,Kimi K2.5 NVFP4,agg,kimi/nvidia/Kimi-K2.5-NVFP4_b300_sxm_auto_isl4000_osl1000_ttft2000_tpot30_594291/agg/pareto.csv,nvidia/Kimi-K2.5-NVFP4,4000,1000,0,320,12.329,40.0,320.0,1085.425,25.184,26244.196,12.329,1.541,12317.087,1539.636,39.708,8,1.0,1.0,8.0,1.0,8.0,tp1pp1dp8etp1ep8,nvfp4,fp8,bfloat16,nvfp4,half,99.798,0.04,1.0,39.0,4039.0,4000.0,39.0,sglang,0.5.10,b300_sxm,0.0,1539.636,,,,,,,,,,,,,,,,,,,,,,,,,,,,,,,,,,,,,,,,,,,,sglang,True,8,12317.087,12317.088,12317.088,1539.636,1539.636,39.708,Kimi K2.5 NVFP4 / sglang / agg,True
kimi,Kimi K2.5 NVFP4,agg,kimi/nvidia/Kimi-K2.5-NVFP4_b300_sxm_auto_isl4000_osl1000_ttft2000_tpot30_594291/agg/pareto.csv,nvidia/Kimi-K2.5-NVFP4,4000,1000,0,320,12.04,40.0,320.0,1652.287,24.913,26540.682,12.04,1.505,12028.075,1503.509,40.139,8,1.0,1.0,8.0,1.0,8.0,tp1pp1dp8etp1ep8,nvfp4,fp8,bfloat16,nvfp4,half,109.131,0.02,2.0,38.0,8038.0,8000.0,38.0,sglang,0.5.10,b300_sxm,0.0,1503.509,,,,,,,,,,,,,,,,,,,,,,,,,,,,,,,,,,,,,,,,,,,,sglang,True,8,12028.075,12028.072,12028.072,1503.509,1503.509,40.139,Kimi K2.5 NVFP4 / sglang / agg,True
kimi,Kimi K2.5 NVFP4,agg,kimi/nvidia/Kimi-K2.5-NVFP4_b300_sxm_auto_isl4000_osl1000_ttft2000_tpot30_594291/agg/pareto.csv,nvidia/Kimi-K2.5-NVFP4,4000,1000,0,256,11.332,32.0,256.0,970.788,21.812,22760.947,11.332,1.417,11320.765,1415.096,45.846,8,1.0,1.0,8.0,1.0,8.0,tp1pp1dp8etp1ep8,nvfp4,fp8,bfloat16,nvfp4,half,98.47,0.032,1.0,31.0,4031.0,4000.0,31.0,sglang,0.5.10,b300_sxm,0.0,1415.096,,,,,,,,,,,,,,,,,,,,,,,,,,,,,,,,,,,,,,,,,,,,sglang,True,8,11320.765,11320.768,11320.768,1415.096,1415.096,45.846,Kimi K2.5 NVFP4 / sglang / agg,True
kimi,Kimi K2.5 NVFP4,agg,kimi/nvidia/Kimi-K2.5-NVFP4_b300_sxm_auto_isl4000_osl1000_ttft2000_tpot30_594291/agg/pareto.csv,nvidia/Kimi-K2.5-NVFP4,4000,1000,0,256,11.093,32.0,256.0,1534.723,21.404,22917.213,11.093,1.387,11082.153,1385.269,46.72,8,1.0,1.0,8.0,1.0,8.0,tp1pp1dp8etp1ep8,nvfp4,fp8,bfloat16,nvfp4,half,107.803,0.016,2.0,30.0,8030.0,8000.0,30.0,sglang,0.5.10,b300_sxm,0.0,1385.269,,,,,,,,,,,,,,,,,,,,,,,,,,,,,,,,,,,,,,,,,,,,sglang,True,8,11082.153,11082.152,11082.152,1385.269,1385.269,46.72,Kimi K2.5 NVFP4 / sglang / agg,True
kimi,Kimi K2.5 NVFP4,agg,kimi/nvidia/Kimi-K2.5-NVFP4_b300_sxm_auto_isl4000_osl1000_ttft2000_tpot30_594291/agg/pareto.csv,nvidia/Kimi-K2.5-NVFP4,4000,1000,0,224,10.707,28.0,224.0,913.632,20.138,21031.506,10.707,1.338,10696.264,1337.033,49.657,8,1.0,1.0,8.0,1.0,8.0,tp1pp1dp8etp1ep8,nvfp4,fp8,bfloat16,nvfp4,half,97.807,0.028,1.0,27.0,4027.0,4000.0,27.0,sglang,0.5.10,b300_sxm,0.0,1337.033,,,,,,,,,,,,,,,,,,,,,,,,,,,,,,,,,,,,,,,,,,,,sglang,True,8,10696.264,10696.264,10696.264,1337.033,1337.033,49.657,Kimi K2.5 NVFP4 / sglang / agg,True
kimi,Kimi K2.5 NVFP4,agg,kimi/nvidia/Kimi-K2.5-NVFP4_b300_sxm_auto_isl4000_osl1000_ttft2000_tpot30_594291/agg/pareto.csv,nvidia/Kimi-K2.5-NVFP4,4000,1000,0,224,10.496,28.0,224.0,1476.032,19.664,21120.173,10.496,1.312,10485.574,1310.697,50.855,8,1.0,1.0,8.0,1.0,8.0,tp1pp1dp8etp1ep8,nvfp4,fp8,bfloat16,nvfp4,half,107.14,0.014,2.0,26.0,8026.0,8000.0,26.0,sglang,0.5.10,b300_sxm,0.0,1310.697,,,,,,,,,,,,,,,,,,,,,,,,,,,,,,,,,,,,,,,,,,,,sglang,True,8,10485.574,10485.576,10485.576,1310.697,1310.697,50.855,Kimi K2.5 NVFP4 / sglang / agg,True
kimi,Kimi K2.5 NVFP4,agg,kimi/nvidia/Kimi-K2.5-NVFP4_b300_sxm_auto_isl4000_osl1000_ttft2000_tpot30_594291/agg/pareto.csv,nvidia/Kimi-K2.5-NVFP4,4000,1000,0,192,10.006,24.0,192.0,856.584,18.401,19239.229,10.006,1.251,9996.047,1249.506,54.345,8,1.0,1.0,8.0,1.0,8.0,tp1pp1dp8etp1ep8,nvfp4,fp8,bfloat16,nvfp4,half,97.143,0.024,1.0,23.0,4023.0,4000.0,23.0,sglang,0.5.10,b300_sxm,0.0,1249.506,,,,,,,,,,,,,,,,,,,,,,,,,,,,,,,,,,,,,,,,,,,,sglang,True,8,9996.047,9996.048,9996.048,1249.506,1249.506,54.345,Kimi K2.5 NVFP4 / sglang / agg,True
kimi,Kimi K2.5 NVFP4,agg,kimi/nvidia/Kimi-K2.5-NVFP4_b300_sxm_auto_isl4000_osl1000_ttft2000_tpot30_594291/agg/pareto.csv,nvidia/Kimi-K2.5-NVFP4,4000,1000,0,192,9.824,24.0,192.0,1417.402,17.861,19261.009,9.824,1.228,9814.425,1226.803,55.986,8,1.0,1.0,8.0,1.0,8.0,tp1pp1dp8etp1ep8,nvfp4,fp8,bfloat16,nvfp4,half,106.476,0.012,2.0,22.0,8022.0,8000.0,22.0,sglang,0.5.10,b300_sxm,0.0,1226.803,,,,,,,,,,,,,,,,,,,,,,,,,,,,,,,,,,,,,,,,,,,,sglang,True,8,9814.425,9814.424,9814.424,1226.803,1226.803,55.986,Kimi K2.5 NVFP4 / sglang / agg,True
kimi,Kimi K2.5 NVFP4,agg,kimi/nvidia/Kimi-K2.5-NVFP4_b300_sxm_auto_isl4000_osl1000_ttft2000_tpot30_594291/agg/pareto.csv,nvidia/Kimi-K2.5-NVFP4,4000,1000,0,160,9.104,20.0,160.0,799.644,16.783,17565.481,9.104,1.138,9095.253,1136.907,59.585,8,1.0,1.0,8.0,1.0,8.0,tp1pp1dp8etp1ep8,nvfp4,fp8,bfloat16,nvfp4,half,96.479,0.02,1.0,19.0,4019.0,4000.0,19.0,sglang,0.5.10,b300_sxm,0.0,1136.907,,,,,,,,,,,,,,,,,,,,,,,,,,,,,,,,,,,,,,,,,,,,sglang,True,8,9095.253,9095.256,9095.256,1136.907,1136.907,59.585,Kimi K2.5 NVFP4 / sglang / agg,True
kimi,Kimi K2.5 NVFP4,agg,kimi/nvidia/Kimi-K2.5-NVFP4_b300_sxm_auto_isl4000_osl1000_ttft2000_tpot30_594291/agg/pareto.csv,nvidia/Kimi-K2.5-NVFP4,4000,1000,0,160,8.955,20.0,160.0,1358.833,16.181,17523.312,8.955,1.119,8946.203,1118.275,61.802,8,1.0,1.0,8.0,1.0,8.0,tp1pp1dp8etp1ep8,nvfp4,fp8,bfloat16,nvfp4,half,105.812,0.01,2.0,18.0,8018.0,8000.0,18.0,sglang,0.5.10,b300_sxm,0.0,1118.275,,,,,,,,,,,,,,,,,,,,,,,,,,,,,,,,,,,,,,,,,,,,sglang,True,8,8946.203,8946.2,8946.2,1118.275,1118.275,61.802,Kimi K2.5 NVFP4 / sglang / agg,True
kimi,Kimi K2.5 NVFP4,agg,kimi/nvidia/Kimi-K2.5-NVFP4_b300_sxm_auto_isl4000_osl1000_ttft2000_tpot30_594291/agg/pareto.csv,nvidia/Kimi-K2.5-NVFP4,4000,1000,0,64,4.188,16.0,64.0,1615.876,13.168,14770.784,4.188,1.047,4183.452,1045.863,75.941,4,1.0,1.0,4.0,4.0,1.0,tp1pp1dp4etp4ep1,nvfp4,fp8,bfloat16,nvfp4,half,208.139,0.008,2.0,14.0,8014.0,8000.0,14.0,sglang,0.5.10,b300_sxm,0.0,1045.863,,,,,,,,,,,,,,,,,,,,,,,,,,,,,,,,,,,,,,,,,,,,sglang,True,8,4183.452,8366.904,8366.904,1045.863,1045.863,75.941,Kimi K2.5 NVFP4 / sglang / agg,True
kimi,Kimi K2.5 NVFP4,agg,kimi/nvidia/Kimi-K2.5-NVFP4_b300_sxm_auto_isl4000_osl1000_ttft2000_tpot30_594291/agg/pareto.csv,nvidia/Kimi-K2.5-NVFP4,4000,1000,0,60,3.992,15.0,60.0,1615.665,12.914,14517.114,3.992,0.998,3988.066,997.017,77.433,4,1.0,1.0,4.0,4.0,1.0,tp1pp1dp4etp4ep1,nvfp4,fp8,bfloat16,nvfp4,half,207.968,0.008,2.0,13.0,8013.0,8000.0,13.0,sglang,0.5.10,b300_sxm,0.0,997.017,,,,,,,,,,,,,,,,,,,,,,,,,,,,,,,,,,,,,,,,,,,,sglang,True,8,3988.066,7976.136,7976.136,997.017,997.017,77.433,Kimi K2.5 NVFP4 / sglang / agg,True
kimi,Kimi K2.5 NVFP4,agg,kimi/nvidia/Kimi-K2.5-NVFP4_b300_sxm_auto_isl4000_osl1000_ttft2000_tpot30_594291/agg/pareto.csv,nvidia/Kimi-K2.5-NVFP4,4000,1000,0,56,3.981,14.0,56.0,1579.556,11.95,13517.249,3.981,0.995,3976.76,994.19,83.685,4,1.0,1.0,4.0,4.0,1.0,tp1pp1dp4etp4ep1,nvfp4,fp8,bfloat16,nvfp4,half,207.798,0.007,2.0,12.0,8012.0,8000.0,12.0,sglang,0.5.10,b300_sxm,0.0,994.19,,,,,,,,,,,,,,,,,,,,,,,,,,,,,,,,,,,,,,,,,,,,sglang,True,8,3976.76,7953.52,7953.52,994.19,994.19,83.685,Kimi K2.5 NVFP4 / sglang / agg,True
kimi,Kimi K2.5 NVFP4,agg,kimi/nvidia/Kimi-K2.5-NVFP4_b300_sxm_auto_isl4000_osl1000_ttft2000_tpot30_594291/agg/pareto.csv,nvidia/Kimi-K2.5-NVFP4,4000,1000,0,52,3.764,13.0,52.0,1579.35,11.696,13263.423,3.764,0.941,3760.44,940.11,85.501,4,1.0,1.0,4.0,4.0,1.0,tp1pp1dp4etp4ep1,nvfp4,fp8,bfloat16,nvfp4,half,207.628,0.006,2.0,11.0,8011.0,8000.0,11.0,sglang,0.5.10,b300_sxm,0.0,940.11,,,,,,,,,,,,,,,,,,,,,,,,,,,,,,,,,,,,,,,,,,,,sglang,True,8,3760.44,7520.88,7520.88,940.11,940.11,85.501,Kimi K2.5 NVFP4 / sglang / agg,True
kimi,Kimi K2.5 NVFP4,agg,kimi/nvidia/Kimi-K2.5-NVFP4_b300_sxm_auto_isl4000_osl1000_ttft2000_tpot30_594291/agg/pareto.csv,nvidia/Kimi-K2.5-NVFP4,4000,1000,0,48,3.735,12.0,48.0,1543.254,10.731,12263.089,3.735,0.934,3731.165,932.791,93.192,4,1.0,1.0,4.0,4.0,1.0,tp1pp1dp4etp4ep1,nvfp4,fp8,bfloat16,nvfp4,half,207.457,0.006,2.0,10.0,8010.0,8000.0,10.0,sglang,0.5.10,b300_sxm,0.0,932.791,,,,,,,,,,,,,,,,,,,,,,,,,,,,,,,,,,,,,,,,,,,,sglang,True,8,3731.165,7462.328,7462.328,932.791,932.791,93.192,Kimi K2.5 NVFP4 / sglang / agg,True
kimi,Kimi K2.5 NVFP4,agg,kimi/nvidia/Kimi-K2.5-NVFP4_b300_sxm_auto_isl4000_osl1000_ttft2000_tpot30_594291/agg/pareto.csv,nvidia/Kimi-K2.5-NVFP4,4000,1000,0,44,3.499,11.0,44.0,1543.053,10.453,11985.281,3.499,0.875,3495.668,873.917,95.669,4,1.0,1.0,4.0,4.0,1.0,tp1pp1dp4etp4ep1,nvfp4,fp8,bfloat16,nvfp4,half,207.287,0.006,2.0,9.0,8009.0,8000.0,9.0,sglang,0.5.10,b300_sxm,0.0,873.917,,,,,,,,,,,,,,,,,,,,,,,,,,,,,,,,,,,,,,,,,,,,sglang,True,8,3495.668,6991.336,6991.336,873.917,873.917,95.669,Kimi K2.5 NVFP4 / sglang / agg,True
kimi,Kimi K2.5 NVFP4,agg,kimi/nvidia/Kimi-K2.5-NVFP4_b300_sxm_auto_isl4000_osl1000_ttft2000_tpot30_594291/agg/pareto.csv,nvidia/Kimi-K2.5-NVFP4,4000,1000,0,40,3.452,10.0,40.0,1506.971,9.463,10960.605,3.452,0.863,3448.537,862.134,105.674,4,1.0,1.0,4.0,4.0,1.0,tp1pp1dp4etp4ep1,nvfp4,fp8,bfloat16,nvfp4,half,207.117,0.005,2.0,8.0,8008.0,8000.0,8.0,sglang,0.5.10,b300_sxm,0.0,862.134,,,,,,,,,,,,,,,,,,,,,,,,,,,,,,,,,,,,,,,,,,,,sglang,True,8,3448.537,6897.072,6897.072,862.134,862.134,105.674,Kimi K2.5 NVFP4 / sglang / agg,True
kimi,Kimi K2.5 NVFP4,agg,kimi/nvidia/Kimi-K2.5-NVFP4_b300_sxm_auto_isl4000_osl1000_ttft2000_tpot30_594291/agg/pareto.csv,nvidia/Kimi-K2.5-NVFP4,4000,1000,0,36,3.16,9.0,36.0,1506.775,9.269,10766.968,3.16,0.79,3156.346,789.086,107.881,4,1.0,1.0,4.0,4.0,1.0,tp1pp1dp4etp4ep1,nvfp4,fp8,bfloat16,nvfp4,half,206.946,0.004,2.0,7.0,8007.0,8000.0,7.0,sglang,0.5.10,b300_sxm,0.0,789.086,,,,,,,,,,,,,,,,,,,,,,,,,,,,,,,,,,,,,,,,,,,,sglang,True,8,3156.346,6312.688,6312.688,789.086,789.086,107.881,Kimi K2.5 NVFP4 / sglang / agg,True
kimi,Kimi K2.5 NVFP4,agg,kimi/nvidia/Kimi-K2.5-NVFP4_b300_sxm_auto_isl4000_osl1000_ttft2000_tpot30_594291/agg/pareto.csv,nvidia/Kimi-K2.5-NVFP4,4000,1000,0,32,3.064,8.0,32.0,1470.707,8.318,9780.304,3.064,0.766,3060.54,765.135,120.222,4,1.0,1.0,4.0,4.0,1.0,tp1pp1dp4etp4ep1,nvfp4,fp8,bfloat16,nvfp4,half,206.776,0.004,2.0,6.0,8006.0,8000.0,6.0,sglang,0.5.10,b300_sxm,0.0,765.135,,,,,,,,,,,,,,,,,,,,,,,,,,,,,,,,,,,,,,,,,,,,sglang,True,8,3060.54,6121.08,6121.08,765.135,765.135,120.222,Kimi K2.5 NVFP4 / sglang / agg,True
kimi,Kimi K2.5 NVFP4,agg,kimi/nvidia/Kimi-K2.5-NVFP4_b300_sxm_auto_isl4000_osl1000_ttft2000_tpot30_594291/agg/pareto.csv,nvidia/Kimi-K2.5-NVFP4,4000,1000,0,28,2.725,7.0,28.0,1470.515,8.147,9609.278,2.725,0.681,2722.483,680.621,122.746,4,1.0,1.0,4.0,4.0,1.0,tp1pp1dp4etp4ep1,nvfp4,fp8,bfloat16,nvfp4,half,206.605,0.004,2.0,5.0,8005.0,8000.0,5.0,sglang,0.5.10,b300_sxm,0.0,680.621,,,,,,,,,,,,,,,,,,,,,,,,,,,,,,,,,,,,,,,,,,,,sglang,True,8,2722.483,5444.968,5444.968,680.621,680.621,122.746,Kimi K2.5 NVFP4 / sglang / agg,True
kimi,Kimi K2.5 NVFP4,agg,kimi/nvidia/Kimi-K2.5-NVFP4_b300_sxm_auto_isl4000_osl1000_ttft2000_tpot30_594291/agg/pareto.csv,nvidia/Kimi-K2.5-NVFP4,4000,1000,0,24,2.551,6.0,24.0,1434.462,7.989,9415.165,2.551,0.638,2548.692,637.173,125.177,4,1.0,1.0,4.0,4.0,1.0,tp1pp1dp4etp4ep1,nvfp4,fp8,bfloat16,nvfp4,half,206.435,0.003,2.0,4.0,8004.0,8000.0,4.0,sglang,0.5.10,b300_sxm,0.0,637.173,,,,,,,,,,,,,,,,,,,,,,,,,,,,,,,,,,,,,,,,,,,,sglang,True,8,2548.692,5097.384,5097.384,637.173,637.173,125.177,Kimi K2.5 NVFP4 / sglang / agg,True
kimi,Kimi K2.5 NVFP4,agg,kimi/nvidia/Kimi-K2.5-NVFP4_b300_sxm_auto_isl4000_osl1000_ttft2000_tpot30_594291/agg/pareto.csv,nvidia/Kimi-K2.5-NVFP4,4000,1000,0,20,2.171,5.0,20.0,1434.275,7.792,9218.692,2.171,0.543,2169.169,542.292,128.333,4,1.0,1.0,4.0,4.0,1.0,tp1pp1dp4etp4ep1,nvfp4,fp8,bfloat16,nvfp4,half,206.265,0.002,2.0,3.0,8003.0,8000.0,3.0,sglang,0.5.10,b300_sxm,0.0,542.292,,,,,,,,,,,,,,,,,,,,,,,,,,,,,,,,,,,,,,,,,,,,sglang,True,8,2169.169,4338.336,4338.336,542.292,542.292,128.333,Kimi K2.5 NVFP4 / sglang / agg,True
kimi,Kimi K2.5 NVFP4,agg,kimi/nvidia/Kimi-K2.5-NVFP4_b300_sxm_auto_isl4000_osl1000_ttft2000_tpot30_594291/agg/pareto.csv,nvidia/Kimi-K2.5-NVFP4,4000,1000,0,16,1.933,4.0,16.0,1398.235,7.569,8959.538,1.933,0.483,1930.82,482.705,132.12,4,1.0,1.0,4.0,4.0,1.0,tp1pp1dp4etp4ep1,nvfp4,fp8,bfloat16,nvfp4,half,206.094,0.002,2.0,2.0,8002.0,8000.0,2.0,sglang,0.5.10,b300_sxm,0.0,482.705,,,,,,,,,,,,,,,,,,,,,,,,,,,,,,,,,,,,,,,,,,,,sglang,True,8,1930.82,3861.64,3861.64,482.705,482.705,132.12,Kimi K2.5 NVFP4 / sglang / agg,True
kimi,Kimi K2.5 NVFP4,agg,kimi/nvidia/Kimi-K2.5-NVFP4_b300_sxm_auto_isl4000_osl1000_ttft2000_tpot30_594291/agg/pareto.csv,nvidia/Kimi-K2.5-NVFP4,4000,1000,0,16,1.85,4.0,16.0,932.454,7.307,8232.468,1.85,0.462,1847.868,461.967,136.849,4,1.0,1.0,4.0,4.0,1.0,tp1pp1dp4etp4ep1,nvfp4,fp8,bfloat16,nvfp4,half,179.078,0.004,1.0,3.0,4003.0,4000.0,3.0,sglang,0.5.10,b300_sxm,0.0,461.967,,,,,,,,,,,,,,,,,,,,,,,,,,,,,,,,,,,,,,,,,,,,sglang,True,8,1847.868,3695.736,3695.736,461.967,461.967,136.849,Kimi K2.5 NVFP4 / sglang / agg,True
kimi,Kimi K2.5 NVFP4,agg,kimi/nvidia/Kimi-K2.5-NVFP4_b300_sxm_auto_isl4000_osl1000_ttft2000_tpot30_594291/agg/pareto.csv,nvidia/Kimi-K2.5-NVFP4,4000,1000,0,12,1.5,3.0,12.0,909.603,7.105,8007.111,1.5,0.375,1498.499,374.625,140.754,4,1.0,1.0,4.0,4.0,1.0,tp1pp1dp4etp4ep1,nvfp4,fp8,bfloat16,nvfp4,half,178.907,0.003,1.0,2.0,4002.0,4000.0,2.0,sglang,0.5.10,b300_sxm,0.0,374.625,,,,,,,,,,,,,,,,,,,,,,,,,,,,,,,,,,,,,,,,,,,,sglang,True,8,1498.499,2997.0,2997.0,374.625,374.625,140.754,Kimi K2.5 NVFP4 / sglang / agg,True
kimi,Kimi K2.5 NVFP4,agg,kimi/nvidia/Kimi-K2.5-NVFP4_b300_sxm_auto_isl4000_osl1000_ttft2000_tpot30_594291/agg/pareto.csv,nvidia/Kimi-K2.5-NVFP4,4000,1000,0,10,1.264,10.0,10.0,809.969,6.777,7580.103,1.264,0.316,1262.371,315.593,147.56,4,4.0,1.0,1.0,4.0,1.0,tp4pp1dp1etp4ep1,nvfp4,fp8,bfloat16,nvfp4,half,161.582,0.005,2.0,8.0,8008.0,8000.0,8.0,sglang,0.5.10,b300_sxm,0.0,315.593,,,,,,,,,,,,,,,,,,,,,,,,,,,,,,,,,,,,,,,,,,,,sglang,True,8,1262.371,2524.744,2524.744,315.593,315.593,147.56,Kimi K2.5 NVFP4 / sglang / agg,True
kimi,Kimi K2.5 NVFP4,agg,kimi/nvidia/Kimi-K2.5-NVFP4_b300_sxm_auto_isl4000_osl1000_ttft2000_tpot30_594291/agg/pareto.csv,nvidia/Kimi-K2.5-NVFP4,4000,1000,0,9,1.158,9.0,9.0,809.927,6.635,7438.458,1.158,0.289,1156.801,289.2,150.712,4,4.0,1.0,1.0,4.0,1.0,tp4pp1dp1etp4ep1,nvfp4,fp8,bfloat16,nvfp4,half,161.416,0.004,2.0,7.0,8007.0,8000.0,7.0,sglang,0.5.10,b300_sxm,0.0,289.2,,,,,,,,,,,,,,,,,,,,,,,,,,,,,,,,,,,,,,,,,,,,sglang,True,8,1156.801,2313.6,2313.6,289.2,289.2,150.712,Kimi K2.5 NVFP4 / sglang / agg,True
kimi,Kimi K2.5 NVFP4,agg,kimi/nvidia/Kimi-K2.5-NVFP4_b300_sxm_auto_isl4000_osl1000_ttft2000_tpot30_594291/agg/pareto.csv,nvidia/Kimi-K2.5-NVFP4,4000,1000,0,8,1.095,8.0,8.0,790.602,6.165,6949.775,1.095,0.274,1094.222,273.555,162.197,4,4.0,1.0,1.0,4.0,1.0,tp4pp1dp1etp4ep1,nvfp4,fp8,bfloat16,nvfp4,half,161.251,0.004,2.0,6.0,8006.0,8000.0,6.0,sglang,0.5.10,b300_sxm,0.0,273.555,,,,,,,,,,,,,,,,,,,,,,,,,,,,,,,,,,,,,,,,,,,,sglang,True,8,1094.222,2188.44,2188.44,273.555,273.555,162.197,Kimi K2.5 NVFP4 / sglang / agg,True
kimi,Kimi K2.5 NVFP4,agg,kimi/nvidia/Kimi-K2.5-NVFP4_b300_sxm_auto_isl4000_osl1000_ttft2000_tpot30_594291/agg/pareto.csv,nvidia/Kimi-K2.5-NVFP4,4000,1000,0,7,0.973,7.0,7.0,790.56,6.054,6838.024,0.973,0.243,972.293,243.073,165.193,4,4.0,1.0,1.0,4.0,1.0,tp4pp1dp1etp4ep1,nvfp4,fp8,bfloat16,nvfp4,half,161.085,0.004,2.0,5.0,8005.0,8000.0,5.0,sglang,0.5.10,b300_sxm,0.0,243.073,,,,,,,,,,,,,,,,,,,,,,,,,,,,,,,,,,,,,,,,,,,,sglang,True,8,972.293,1944.584,1944.584,243.073,243.073,165.193,Kimi K2.5 NVFP4 / sglang / agg,True
kimi,Kimi K2.5 NVFP4,agg,kimi/nvidia/Kimi-K2.5-NVFP4_b300_sxm_auto_isl4000_osl1000_ttft2000_tpot30_594291/agg/pareto.csv,nvidia/Kimi-K2.5-NVFP4,4000,1000,0,6,0.888,6.0,6.0,771.238,5.997,6762.187,0.888,0.222,887.186,221.797,166.752,4,4.0,1.0,1.0,4.0,1.0,tp4pp1dp1etp4ep1,nvfp4,fp8,bfloat16,nvfp4,half,160.92,0.003,2.0,4.0,8004.0,8000.0,4.0,sglang,0.5.10,b300_sxm,0.0,221.797,,,,,,,,,,,,,,,,,,,,,,,,,,,,,,,,,,,,,,,,,,,,sglang,True,8,887.186,1774.376,1774.376,221.797,221.797,166.752,Kimi K2.5 NVFP4 / sglang / agg,True
kimi,Kimi K2.5 NVFP4,agg,kimi/nvidia/Kimi-K2.5-NVFP4_b300_sxm_auto_isl4000_osl1000_ttft2000_tpot30_594291/agg/pareto.csv,nvidia/Kimi-K2.5-NVFP4,4000,1000,0,5,0.745,5.0,5.0,771.198,5.952,6717.418,0.745,0.186,744.249,186.062,168.006,4,4.0,1.0,1.0,4.0,1.0,tp4pp1dp1etp4ep1,nvfp4,fp8,bfloat16,nvfp4,half,160.754,0.002,2.0,3.0,8003.0,8000.0,3.0,sglang,0.5.10,b300_sxm,0.0,186.062,,,,,,,,,,,,,,,,,,,,,,,,,,,,,,,,,,,,,,,,,,,,sglang,True,8,744.249,1488.496,1488.496,186.062,186.062,168.006,Kimi K2.5 NVFP4 / sglang / agg,True
kimi,Kimi K2.5 NVFP4,agg,kimi/nvidia/Kimi-K2.5-NVFP4_b300_sxm_auto_isl4000_osl1000_ttft2000_tpot30_594291/agg/pareto.csv,nvidia/Kimi-K2.5-NVFP4,4000,1000,0,4,0.639,4.0,4.0,751.879,5.88,6626.377,0.639,0.16,638.331,159.583,170.057,4,4.0,1.0,1.0,4.0,1.0,tp4pp1dp1etp4ep1,nvfp4,fp8,bfloat16,nvfp4,half,160.589,0.002,2.0,2.0,8002.0,8000.0,2.0,sglang,0.5.10,b300_sxm,0.0,159.583,,,,,,,,,,,,,,,,,,,,,,,,,,,,,,,,,,,,,,,,,,,,sglang,True,8,638.331,1276.664,1276.664,159.583,159.583,170.057,Kimi K2.5 NVFP4 / sglang / agg,True
kimi,Kimi K2.5 NVFP4,agg,kimi/nvidia/Kimi-K2.5-NVFP4_b300_sxm_auto_isl4000_osl1000_ttft2000_tpot30_594291/agg/pareto.csv,nvidia/Kimi-K2.5-NVFP4,4000,1000,0,4,0.625,4.0,4.0,472.12,5.725,6191.793,0.625,0.156,624.46,156.115,174.66,4,4.0,1.0,1.0,4.0,1.0,tp4pp1dp1etp4ep1,nvfp4,fp8,bfloat16,nvfp4,half,153.098,0.004,1.0,3.0,4003.0,4000.0,3.0,sglang,0.5.10,b300_sxm,0.0,156.115,,,,,,,,,,,,,,,,,,,,,,,,,,,,,,,,,,,,,,,,,,,,sglang,True,8,624.46,1248.92,1248.92,156.115,156.115,174.66,Kimi K2.5 NVFP4 / sglang / agg,True
kimi,Kimi K2.5 NVFP4,agg,kimi/nvidia/Kimi-K2.5-NVFP4_b300_sxm_auto_isl4000_osl1000_ttft2000_tpot30_594291/agg/pareto.csv,nvidia/Kimi-K2.5-NVFP4,4000,1000,0,3,0.494,3.0,3.0,460.498,5.618,6073.103,0.494,0.124,493.944,123.486,177.992,4,4.0,1.0,1.0,4.0,1.0,tp4pp1dp1etp4ep1,nvfp4,fp8,bfloat16,nvfp4,half,152.932,0.003,1.0,2.0,4002.0,4000.0,2.0,sglang,0.5.10,b300_sxm,0.0,123.486,,,,,,,,,,,,,,,,,,,,,,,,,,,,,,,,,,,,,,,,,,,,sglang,True,8,493.944,987.888,987.888,123.486,123.486,177.992,Kimi K2.5 NVFP4 / sglang / agg,True
kimi,Kimi K2.5 NVFP4,agg,kimi/nvidia/Kimi-K2.5-NVFP4_b300_sxm_auto_isl4000_osl1000_ttft2000_tpot30_594291/agg/pareto.csv,nvidia/Kimi-K2.5-NVFP4,4000,1000,0,2,0.395,2.0,2.0,182.994,4.976,5153.994,0.395,0.099,394.484,98.621,200.966,4,4.0,1.0,1.0,1.0,4.0,tp4pp1dp1etp1ep4,nvfp4,fp8,bfloat16,nvfp4,half,148.344,0.002,1.0,1.0,4001.0,4000.0,1.0,sglang,0.5.10,b300_sxm,0.0,98.621,,,,,,,,,,,,,,,,,,,,,,,,,,,,,,,,,,,,,,,,,,,,sglang,True,8,394.484,788.968,788.968,98.621,98.621,200.966,Kimi K2.5 NVFP4 / sglang / agg,True
kimi,Kimi K2.5 NVFP4,agg,kimi/nvidia/Kimi-K2.5-NVFP4_b300_sxm_auto_isl4000_osl1000_ttft2000_tpot30_594291/agg/pareto.csv,nvidia/Kimi-K2.5-NVFP4,4000,1000,0,3,0.622,3.0,3.0,155.138,4.676,4826.739,0.622,0.078,621.518,77.69,213.845,8,8.0,1.0,1.0,1.0,8.0,tp8pp1dp1etp1ep8,nvfp4,fp8,bfloat16,nvfp4,half,79.082,0.003,1.0,2.0,4002.0,4000.0,2.0,sglang,0.5.10,b300_sxm,0.0,77.69,,,,,,,,,,,,,,,,,,,,,,,,,,,,,,,,,,,,,,,,,,,,sglang,True,8,621.518,621.52,621.52,77.69,77.69,213.845,Kimi K2.5 NVFP4 / sglang / agg,True
kimi,Kimi K2.5 NVFP4,agg,kimi/nvidia/Kimi-K2.5-NVFP4_b300_sxm_auto_isl4000_osl1000_ttft2000_tpot30_594291/agg/pareto.csv,nvidia/Kimi-K2.5-NVFP4,4000,1000,0,1,0.239,1.0,1.0,178.274,4.09,4263.773,0.239,0.06,239.034,59.758,244.523,4,4.0,1.0,1.0,1.0,4.0,tp4pp1dp1etp1ep4,nvfp4,fp8,bfloat16,nvfp4,half,148.179,0.001,1.0,1.0,4000.0,4000.0,1.0,sglang,0.5.10,b300_sxm,0.0,59.758,,,,,,,,,,,,,,,,,,,,,,,,,,,,,,,,,,,,,,,,,,,,sglang,True,8,239.034,478.064,478.064,59.758,59.758,244.523,Kimi K2.5 NVFP4 / sglang / agg,True
kimi,Kimi K2.5 NVFP4,agg,kimi/nvidia/Kimi-K2.5-NVFP4_b300_sxm_auto_isl4000_osl1000_ttft2000_tpot30_594291/agg/pareto.csv,nvidia/Kimi-K2.5-NVFP4,4000,1000,0,1,0.282,1.0,1.0,147.324,3.467,3610.855,0.282,0.035,282.118,35.265,288.434,8,8.0,1.0,1.0,1.0,8.0,tp8pp1dp1etp1ep8,nvfp4,fp8,bfloat16,nvfp4,half,78.753,0.001,1.0,1.0,4000.0,4000.0,1.0,sglang,0.5.10,b300_sxm,0.0,35.265,,,,,,,,,,,,,,,,,,,,,,,,,,,,,,,,,,,,,,,,,,,,sglang,True,8,282.118,282.12,282.12,35.265,35.265,288.434,Kimi K2.5 NVFP4 / sglang / agg,True
minimax,MiniMax M2.7 NVFP4,agg,minimax/nvidia/MiniMax-M2.7-NVFP4_b300_sxm_auto_isl4000_osl1000_ttft2000_tpot30_671125/agg/pareto.csv,nvidia/MiniMax-M2.7-NVFP4,4000,1000,0,448,16.118,112.0,448.0,351.213,27.614,27938.029,16.118,4.03,16101.89,4025.473,36.213,4,1.0,1.0,4.0,1.0,4.0,tp1pp1dp4etp1ep4,nvfp4,fp8,bfloat16,nvfp4,half,102.85,0.112,1.0,111.0,4111.0,4000.0,111.0,vllm,0.19.0,b300_sxm,0.0,4025.473,,,,,,,,,,,,,,,,,,,,,,,,,,,,,,,,,,,,,,,,,,,,vllm,True,8,16101.89,32203.784,32203.784,4025.473,4025.473,36.213,MiniMax M2.7 NVFP4 / vllm / agg,True
minimax,MiniMax M2.7 NVFP4,agg,minimax/nvidia/MiniMax-M2.7-NVFP4_b300_sxm_auto_isl4000_osl1000_ttft2000_tpot30_671125/agg/pareto.csv,nvidia/MiniMax-M2.7-NVFP4,4000,1000,0,448,16.043,112.0,448.0,630.799,27.534,28137.67,16.043,4.011,16026.986,4006.746,36.318,4,1.0,1.0,4.0,1.0,4.0,tp1pp1dp4etp1ep4,nvfp4,fp8,bfloat16,nvfp4,half,103.857,0.056,2.0,110.0,8110.0,8000.0,110.0,vllm,0.19.0,b300_sxm,0.0,4006.746,,,,,,,,,,,,,,,,,,,,,,,,,,,,,,,,,,,,,,,,,,,,vllm,True,8,16026.986,32053.968,32053.968,4006.746,4006.746,36.318,MiniMax M2.7 NVFP4 / vllm / agg,True
minimax,MiniMax M2.7 NVFP4,agg,minimax/nvidia/MiniMax-M2.7-NVFP4_b300_sxm_auto_isl4000_osl1000_ttft2000_tpot30_671125/agg/pareto.csv,nvidia/MiniMax-M2.7-NVFP4,4000,1000,0,384,15.294,96.0,384.0,344.702,24.924,25244.274,15.294,3.823,15278.484,3819.621,40.121,4,1.0,1.0,4.0,1.0,4.0,tp1pp1dp4etp1ep4,nvfp4,fp8,bfloat16,nvfp4,half,93.385,0.096,1.0,95.0,4095.0,4000.0,95.0,vllm,0.19.0,b300_sxm,0.0,3819.621,,,,,,,,,,,,,,,,,,,,,,,,,,,,,,,,,,,,,,,,,,,,vllm,True,8,15278.484,30556.968,30556.968,3819.621,3819.621,40.121,MiniMax M2.7 NVFP4 / vllm / agg,True
minimax,MiniMax M2.7 NVFP4,agg,minimax/nvidia/MiniMax-M2.7-NVFP4_b300_sxm_auto_isl4000_osl1000_ttft2000_tpot30_671125/agg/pareto.csv,nvidia/MiniMax-M2.7-NVFP4,4000,1000,0,384,15.222,96.0,384.0,624.746,24.832,25432.121,15.222,3.806,15207.004,3801.751,40.27,4,1.0,1.0,4.0,1.0,4.0,tp1pp1dp4etp1ep4,nvfp4,fp8,bfloat16,nvfp4,half,94.392,0.048,2.0,94.0,8094.0,8000.0,94.0,vllm,0.19.0,b300_sxm,0.0,3801.751,,,,,,,,,,,,,,,,,,,,,,,,,,,,,,,,,,,,,,,,,,,,vllm,True,8,15207.004,30414.008,30414.008,3801.751,3801.751,40.27,MiniMax M2.7 NVFP4 / vllm / agg,True
minimax,MiniMax M2.7 NVFP4,agg,minimax/nvidia/MiniMax-M2.7-NVFP4_b300_sxm_auto_isl4000_osl1000_ttft2000_tpot30_671125/agg/pareto.csv,nvidia/MiniMax-M2.7-NVFP4,4000,1000,0,320,14.291,80.0,320.0,338.871,22.204,22520.598,14.291,3.573,14276.864,3569.216,45.037,4,1.0,1.0,4.0,1.0,4.0,tp1pp1dp4etp1ep4,nvfp4,fp8,bfloat16,nvfp4,half,83.921,0.08,1.0,79.0,4079.0,4000.0,79.0,vllm,0.19.0,b300_sxm,0.0,3569.216,,,,,,,,,,,,,,,,,,,,,,,,,,,,,,,,,,,,,,,,,,,,vllm,True,8,14276.864,28553.728,28553.728,3569.216,3569.216,45.037,MiniMax M2.7 NVFP4 / vllm / agg,True
minimax,MiniMax M2.7 NVFP4,agg,minimax/nvidia/MiniMax-M2.7-NVFP4_b300_sxm_auto_isl4000_osl1000_ttft2000_tpot30_671125/agg/pareto.csv,nvidia/MiniMax-M2.7-NVFP4,4000,1000,0,320,14.235,80.0,320.0,595.493,22.082,22655.51,14.235,3.559,14220.721,3555.18,45.286,4,1.0,1.0,4.0,1.0,4.0,tp1pp1dp4etp1ep4,nvfp4,fp8,bfloat16,nvfp4,half,84.928,0.04,2.0,78.0,8078.0,8000.0,78.0,vllm,0.19.0,b300_sxm,0.0,3555.18,,,,,,,,,,,,,,,,,,,,,,,,,,,,,,,,,,,,,,,,,,,,vllm,True,8,14220.721,28441.44,28441.44,3555.18,3555.18,45.286,MiniMax M2.7 NVFP4 / vllm / agg,True
minimax,MiniMax M2.7 NVFP4,agg,minimax/nvidia/MiniMax-M2.7-NVFP4_b300_sxm_auto_isl4000_osl1000_ttft2000_tpot30_671125/agg/pareto.csv,nvidia/MiniMax-M2.7-NVFP4,4000,1000,0,256,12.883,64.0,256.0,333.032,19.681,19994.333,12.883,3.221,12869.751,3217.438,50.81,4,1.0,1.0,4.0,1.0,4.0,tp1pp1dp4etp1ep4,nvfp4,fp8,bfloat16,nvfp4,half,74.457,0.064,1.0,63.0,4063.0,4000.0,63.0,vllm,0.19.0,b300_sxm,0.0,3217.438,,,,,,,,,,,,,,,,,,,,,,,,,,,,,,,,,,,,,,,,,,,,vllm,True,8,12869.751,25739.504,25739.504,3217.438,3217.438,50.81,MiniMax M2.7 NVFP4 / vllm / agg,True
minimax,MiniMax M2.7 NVFP4,agg,minimax/nvidia/MiniMax-M2.7-NVFP4_b300_sxm_auto_isl4000_osl1000_ttft2000_tpot30_671125/agg/pareto.csv,nvidia/MiniMax-M2.7-NVFP4,4000,1000,0,256,12.838,64.0,256.0,528.391,19.541,20049.426,12.838,3.209,12824.761,3206.19,51.176,4,1.0,1.0,4.0,1.0,4.0,tp1pp1dp4etp1ep4,nvfp4,fp8,bfloat16,nvfp4,half,75.463,0.032,2.0,62.0,8062.0,8000.0,62.0,vllm,0.19.0,b300_sxm,0.0,3206.19,,,,,,,,,,,,,,,,,,,,,,,,,,,,,,,,,,,,,,,,,,,,vllm,True,8,12824.761,25649.52,25649.52,3206.19,3206.19,51.176,MiniMax M2.7 NVFP4 / vllm / agg,True
minimax,MiniMax M2.7 NVFP4,agg,minimax/nvidia/MiniMax-M2.7-NVFP4_b300_sxm_auto_isl4000_osl1000_ttft2000_tpot30_671125/agg/pareto.csv,nvidia/MiniMax-M2.7-NVFP4,4000,1000,0,224,12.049,56.0,224.0,330.058,18.399,18710.73,12.049,3.012,12036.522,3009.13,54.351,4,1.0,1.0,4.0,1.0,4.0,tp1pp1dp4etp1ep4,nvfp4,fp8,bfloat16,nvfp4,half,69.724,0.056,1.0,55.0,4055.0,4000.0,55.0,vllm,0.19.0,b300_sxm,0.0,3009.13,,,,,,,,,,,,,,,,,,,,,,,,,,,,,,,,,,,,,,,,,,,,vllm,True,8,12036.522,24073.04,24073.04,3009.13,3009.13,54.351,MiniMax M2.7 NVFP4 / vllm / agg,True
minimax,MiniMax M2.7 NVFP4,agg,minimax/nvidia/MiniMax-M2.7-NVFP4_b300_sxm_auto_isl4000_osl1000_ttft2000_tpot30_671125/agg/pareto.csv,nvidia/MiniMax-M2.7-NVFP4,4000,1000,0,224,12.01,56.0,224.0,495.254,18.249,18726.38,12.01,3.002,11997.565,2999.391,54.796,4,1.0,1.0,4.0,1.0,4.0,tp1pp1dp4etp1ep4,nvfp4,fp8,bfloat16,nvfp4,half,70.731,0.028,2.0,54.0,8054.0,8000.0,54.0,vllm,0.19.0,b300_sxm,0.0,2999.391,,,,,,,,,,,,,,,,,,,,,,,,,,,,,,,,,,,,,,,,,,,,vllm,True,8,11997.565,23995.128,23995.128,2999.391,2999.391,54.796,MiniMax M2.7 NVFP4 / vllm / agg,True
minimax,MiniMax M2.7 NVFP4,agg,minimax/nvidia/MiniMax-M2.7-NVFP4_b300_sxm_auto_isl4000_osl1000_ttft2000_tpot30_671125/agg/pareto.csv,nvidia/MiniMax-M2.7-NVFP4,4000,1000,0,192,11.118,48.0,192.0,327.085,17.076,17385.905,11.118,2.779,11106.439,2776.61,58.562,4,1.0,1.0,4.0,1.0,4.0,tp1pp1dp4etp1ep4,nvfp4,fp8,bfloat16,nvfp4,half,64.992,0.048,1.0,47.0,4047.0,4000.0,47.0,vllm,0.19.0,b300_sxm,0.0,2776.61,,,,,,,,,,,,,,,,,,,,,,,,,,,,,,,,,,,,,,,,,,,,vllm,True,8,11106.439,22212.88,22212.88,2776.61,2776.61,58.562,MiniMax M2.7 NVFP4 / vllm / agg,True
minimax,MiniMax M2.7 NVFP4,agg,minimax/nvidia/MiniMax-M2.7-NVFP4_b300_sxm_auto_isl4000_osl1000_ttft2000_tpot30_671125/agg/pareto.csv,nvidia/MiniMax-M2.7-NVFP4,4000,1000,0,192,11.085,48.0,192.0,462.425,16.916,17361.56,11.085,2.771,11074.271,2768.568,59.115,4,1.0,1.0,4.0,1.0,4.0,tp1pp1dp4etp1ep4,nvfp4,fp8,bfloat16,nvfp4,half,65.999,0.024,2.0,46.0,8046.0,8000.0,46.0,vllm,0.19.0,b300_sxm,0.0,2768.568,,,,,,,,,,,,,,,,,,,,,,,,,,,,,,,,,,,,,,,,,,,,vllm,True,8,11074.271,22148.544,22148.544,2768.568,2768.568,59.115,MiniMax M2.7 NVFP4 / vllm / agg,True
minimax,MiniMax M2.7 NVFP4,agg,minimax/nvidia/MiniMax-M2.7-NVFP4_b300_sxm_auto_isl4000_osl1000_ttft2000_tpot30_671125/agg/pareto.csv,nvidia/MiniMax-M2.7-NVFP4,4000,1000,0,160,10.111,40.0,160.0,311.957,15.629,15925.028,10.111,2.528,10100.54,2525.135,63.985,4,1.0,1.0,4.0,1.0,4.0,tp1pp1dp4etp1ep4,nvfp4,fp8,bfloat16,nvfp4,half,60.26,0.04,1.0,39.0,4039.0,4000.0,39.0,vllm,0.19.0,b300_sxm,0.0,2525.135,,,,,,,,,,,,,,,,,,,,,,,,,,,,,,,,,,,,,,,,,,,,vllm,True,8,10100.54,20201.08,20201.08,2525.135,2525.135,63.985,MiniMax M2.7 NVFP4 / vllm / agg,True
minimax,MiniMax M2.7 NVFP4,agg,minimax/nvidia/MiniMax-M2.7-NVFP4_b300_sxm_auto_isl4000_osl1000_ttft2000_tpot30_671125/agg/pareto.csv,nvidia/MiniMax-M2.7-NVFP4,4000,1000,0,160,10.086,40.0,160.0,429.905,15.457,15871.108,10.086,2.522,10076.391,2519.098,64.697,4,1.0,1.0,4.0,1.0,4.0,tp1pp1dp4etp1ep4,nvfp4,fp8,bfloat16,nvfp4,half,61.267,0.02,2.0,38.0,8038.0,8000.0,38.0,vllm,0.19.0,b300_sxm,0.0,2519.098,,,,,,,,,,,,,,,,,,,,,,,,,,,,,,,,,,,,,,,,,,,,vllm,True,8,10076.391,20152.784,20152.784,2519.098,2519.098,64.697,MiniMax M2.7 NVFP4 / vllm / agg,True
minimax,MiniMax M2.7 NVFP4,agg,minimax/nvidia/MiniMax-M2.7-NVFP4_b300_sxm_auto_isl4000_osl1000_ttft2000_tpot30_671125/agg/pareto.csv,nvidia/MiniMax-M2.7-NVFP4,4000,1000,0,128,8.84,32.0,128.0,276.982,14.282,14544.871,8.84,2.21,8830.83,2207.708,70.017,4,1.0,1.0,4.0,1.0,4.0,tp1pp1dp4etp1ep4,nvfp4,fp8,bfloat16,nvfp4,half,55.528,0.032,1.0,31.0,4031.0,4000.0,31.0,vllm,0.19.0,b300_sxm,0.0,2207.708,,,,,,,,,,,,,,,,,,,,,,,,,,,,,,,,,,,,,,,,,,,,vllm,True,8,8830.83,17661.664,17661.664,2207.708,2207.708,70.017,MiniMax M2.7 NVFP4 / vllm / agg,True
minimax,MiniMax M2.7 NVFP4,agg,minimax/nvidia/MiniMax-M2.7-NVFP4_b300_sxm_auto_isl4000_osl1000_ttft2000_tpot30_671125/agg/pareto.csv,nvidia/MiniMax-M2.7-NVFP4,4000,1000,0,128,8.822,32.0,128.0,397.694,14.101,14484.795,8.822,2.206,8813.216,2203.304,70.916,4,1.0,1.0,4.0,1.0,4.0,tp1pp1dp4etp1ep4,nvfp4,fp8,bfloat16,nvfp4,half,56.534,0.016,2.0,30.0,8030.0,8000.0,30.0,vllm,0.19.0,b300_sxm,0.0,2203.304,,,,,,,,,,,,,,,,,,,,,,,,,,,,,,,,,,,,,,,,,,,,vllm,True,8,8813.216,17626.432,17626.432,2203.304,2203.304,70.916,MiniMax M2.7 NVFP4 / vllm / agg,True
minimax,MiniMax M2.7 NVFP4,agg,minimax/nvidia/MiniMax-M2.7-NVFP4_b300_sxm_auto_isl4000_osl1000_ttft2000_tpot30_671125/agg/pareto.csv,nvidia/MiniMax-M2.7-NVFP4,4000,1000,0,256,17.442,32.0,256.0,559.198,14.086,14631.263,17.442,2.18,17424.877,2178.11,70.992,8,1.0,1.0,8.0,1.0,8.0,tp1pp1dp8etp1ep8,nvfp4,fp8,bfloat16,nvfp4,half,41.822,0.016,2.0,30.0,8030.0,8000.0,30.0,vllm,0.19.0,b300_sxm,0.0,2178.11,,,,,,,,,,,,,,,,,,,,,,,,,,,,,,,,,,,,,,,,,,,,vllm,True,8,17424.877,17424.88,17424.88,2178.11,2178.11,70.992,MiniMax M2.7 NVFP4 / vllm / agg,True
minimax,MiniMax M2.7 NVFP4,agg,minimax/nvidia/MiniMax-M2.7-NVFP4_b300_sxm_auto_isl4000_osl1000_ttft2000_tpot30_671125/agg/pareto.csv,nvidia/MiniMax-M2.7-NVFP4,4000,1000,0,224,16.24,28.0,224.0,359.367,13.502,13847.427,16.24,2.03,16224.141,2028.018,74.066,8,1.0,1.0,8.0,1.0,8.0,tp1pp1dp8etp1ep8,nvfp4,fp8,bfloat16,nvfp4,half,38.449,0.028,1.0,27.0,4027.0,4000.0,27.0,vllm,0.19.0,b300_sxm,0.0,2028.018,,,,,,,,,,,,,,,,,,,,,,,,,,,,,,,,,,,,,,,,,,,,vllm,True,8,16224.141,16224.144,16224.144,2028.018,2028.018,74.066,MiniMax M2.7 NVFP4 / vllm / agg,True
minimax,MiniMax M2.7 NVFP4,agg,minimax/nvidia/MiniMax-M2.7-NVFP4_b300_sxm_auto_isl4000_osl1000_ttft2000_tpot30_671125/agg/pareto.csv,nvidia/MiniMax-M2.7-NVFP4,4000,1000,0,224,16.233,28.0,224.0,537.038,13.207,13730.846,16.233,2.029,16216.588,2027.074,75.717,8,1.0,1.0,8.0,1.0,8.0,tp1pp1dp8etp1ep8,nvfp4,fp8,bfloat16,nvfp4,half,39.455,0.014,2.0,26.0,8026.0,8000.0,26.0,vllm,0.19.0,b300_sxm,0.0,2027.074,,,,,,,,,,,,,,,,,,,,,,,,,,,,,,,,,,,,,,,,,,,,vllm,True,8,16216.588,16216.592,16216.592,2027.074,2027.074,75.717,MiniMax M2.7 NVFP4 / vllm / agg,True
minimax,MiniMax M2.7 NVFP4,agg,minimax/nvidia/MiniMax-M2.7-NVFP4_b300_sxm_auto_isl4000_osl1000_ttft2000_tpot30_671125/agg/pareto.csv,nvidia/MiniMax-M2.7-NVFP4,4000,1000,0,192,14.865,24.0,192.0,336.01,12.624,12947.41,14.865,1.858,14849.666,1856.208,79.214,8,1.0,1.0,8.0,1.0,8.0,tp1pp1dp8etp1ep8,nvfp4,fp8,bfloat16,nvfp4,half,36.082,0.024,1.0,23.0,4023.0,4000.0,23.0,vllm,0.19.0,b300_sxm,0.0,1856.208,,,,,,,,,,,,,,,,,,,,,,,,,,,,,,,,,,,,,,,,,,,,vllm,True,8,14849.666,14849.664,14849.664,1856.208,1856.208,79.214,MiniMax M2.7 NVFP4 / vllm / agg,True
minimax,MiniMax M2.7 NVFP4,agg,minimax/nvidia/MiniMax-M2.7-NVFP4_b300_sxm_auto_isl4000_osl1000_ttft2000_tpot30_671125/agg/pareto.csv,nvidia/MiniMax-M2.7-NVFP4,4000,1000,0,192,14.859,24.0,192.0,514.961,12.328,12830.254,14.859,1.857,14844.44,1855.555,81.119,8,1.0,1.0,8.0,1.0,8.0,tp1pp1dp8etp1ep8,nvfp4,fp8,bfloat16,nvfp4,half,37.089,0.012,2.0,22.0,8022.0,8000.0,22.0,vllm,0.19.0,b300_sxm,0.0,1855.555,,,,,,,,,,,,,,,,,,,,,,,,,,,,,,,,,,,,,,,,,,,,vllm,True,8,14844.44,14844.44,14844.44,1855.555,1855.555,81.119,MiniMax M2.7 NVFP4 / vllm / agg,True
minimax,MiniMax M2.7 NVFP4,agg,minimax/nvidia/MiniMax-M2.7-NVFP4_b300_sxm_auto_isl4000_osl1000_ttft2000_tpot30_671125/agg/pareto.csv,nvidia/MiniMax-M2.7-NVFP4,4000,1000,0,160,13.109,20.0,160.0,312.815,11.912,12213.039,13.109,1.639,13095.543,1636.943,83.948,8,1.0,1.0,8.0,1.0,8.0,tp1pp1dp8etp1ep8,nvfp4,fp8,bfloat16,nvfp4,half,33.716,0.02,1.0,19.0,4019.0,4000.0,19.0,vllm,0.19.0,b300_sxm,0.0,1636.943,,,,,,,,,,,,,,,,,,,,,,,,,,,,,,,,,,,,,,,,,,,,vllm,True,8,13095.543,13095.544,13095.544,1636.943,1636.943,83.948,MiniMax M2.7 NVFP4 / vllm / agg,True
minimax,MiniMax M2.7 NVFP4,agg,minimax/nvidia/MiniMax-M2.7-NVFP4_b300_sxm_auto_isl4000_osl1000_ttft2000_tpot30_671125/agg/pareto.csv,nvidia/MiniMax-M2.7-NVFP4,4000,1000,0,160,13.104,20.0,160.0,492.967,11.616,12097.241,13.104,1.638,13090.521,1636.315,86.089,8,1.0,1.0,8.0,1.0,8.0,tp1pp1dp8etp1ep8,nvfp4,fp8,bfloat16,nvfp4,half,34.723,0.01,2.0,18.0,8018.0,8000.0,18.0,vllm,0.19.0,b300_sxm,0.0,1636.315,,,,,,,,,,,,,,,,,,,,,,,,,,,,,,,,,,,,,,,,,,,,vllm,True,8,13090.521,13090.52,13090.52,1636.315,1636.315,86.089,MiniMax M2.7 NVFP4 / vllm / agg,True
minimax,MiniMax M2.7 NVFP4,agg,minimax/nvidia/MiniMax-M2.7-NVFP4_b300_sxm_auto_isl4000_osl1000_ttft2000_tpot30_671125/agg/pareto.csv,nvidia/MiniMax-M2.7-NVFP4,4000,1000,0,32,2.87,32.0,32.0,195.826,10.961,11145.417,2.87,1.435,2867.25,1433.625,91.236,2,2.0,1.0,1.0,1.0,2.0,tp2pp1dp1etp1ep2,nvfp4,fp8,bfloat16,nvfp4,half,74.719,0.016,2.0,30.0,8030.0,8000.0,30.0,vllm,0.19.0,b300_sxm,0.0,1433.625,,,,,,,,,,,,,,,,,,,,,,,,,,,,,,,,,,,,,,,,,,,,vllm,True,8,2867.25,11469.0,11469.0,1433.625,1433.625,91.236,MiniMax M2.7 NVFP4 / vllm / agg,True
minimax,MiniMax M2.7 NVFP4,agg,minimax/nvidia/MiniMax-M2.7-NVFP4_b300_sxm_auto_isl4000_osl1000_ttft2000_tpot30_671125/agg/pareto.csv,nvidia/MiniMax-M2.7-NVFP4,4000,1000,0,128,11.288,16.0,128.0,470.926,10.744,11204.091,11.288,1.411,11276.61,1409.576,93.076,8,1.0,1.0,8.0,1.0,8.0,tp1pp1dp8etp1ep8,nvfp4,fp8,bfloat16,nvfp4,half,32.357,0.008,2.0,14.0,8014.0,8000.0,14.0,vllm,0.19.0,b300_sxm,0.0,1409.576,,,,,,,,,,,,,,,,,,,,,,,,,,,,,,,,,,,,,,,,,,,,vllm,True,8,11276.61,11276.608,11276.608,1409.576,1409.576,93.076,MiniMax M2.7 NVFP4 / vllm / agg,True
minimax,MiniMax M2.7 NVFP4,agg,minimax/nvidia/MiniMax-M2.7-NVFP4_b300_sxm_auto_isl4000_osl1000_ttft2000_tpot30_671125/agg/pareto.csv,nvidia/MiniMax-M2.7-NVFP4,4000,1000,0,120,10.747,15.0,120.0,470.628,10.57,11030.007,10.747,1.343,10736.41,1342.051,94.608,8,1.0,1.0,8.0,1.0,8.0,tp1pp1dp8etp1ep8,nvfp4,fp8,bfloat16,nvfp4,half,31.766,0.008,2.0,13.0,8013.0,8000.0,13.0,vllm,0.19.0,b300_sxm,0.0,1342.051,,,,,,,,,,,,,,,,,,,,,,,,,,,,,,,,,,,,,,,,,,,,vllm,True,8,10736.41,10736.408,10736.408,1342.051,1342.051,94.608,MiniMax M2.7 NVFP4 / vllm / agg,True
minimax,MiniMax M2.7 NVFP4,agg,minimax/nvidia/MiniMax-M2.7-NVFP4_b300_sxm_auto_isl4000_osl1000_ttft2000_tpot30_671125/agg/pareto.csv,nvidia/MiniMax-M2.7-NVFP4,4000,1000,0,28,2.66,28.0,28.0,187.8,10.336,10513.829,2.66,1.33,2657.345,1328.672,96.746,2,2.0,1.0,1.0,1.0,2.0,tp2pp1dp1etp1ep2,nvfp4,fp8,bfloat16,nvfp4,half,73.536,0.014,2.0,26.0,8026.0,8000.0,26.0,vllm,0.19.0,b300_sxm,0.0,1328.672,,,,,,,,,,,,,,,,,,,,,,,,,,,,,,,,,,,,,,,,,,,,vllm,True,8,2657.345,10629.376,10629.376,1328.672,1328.672,96.746,MiniMax M2.7 NVFP4 / vllm / agg,True
minimax,MiniMax M2.7 NVFP4,agg,minimax/nvidia/MiniMax-M2.7-NVFP4_b300_sxm_auto_isl4000_osl1000_ttft2000_tpot30_671125/agg/pareto.csv,nvidia/MiniMax-M2.7-NVFP4,4000,1000,0,112,10.353,14.0,112.0,459.878,10.222,10671.696,10.353,1.294,10342.302,1292.788,97.828,8,1.0,1.0,8.0,1.0,8.0,tp1pp1dp8etp1ep8,nvfp4,fp8,bfloat16,nvfp4,half,31.174,0.007,2.0,12.0,8012.0,8000.0,12.0,vllm,0.19.0,b300_sxm,0.0,1292.788,,,,,,,,,,,,,,,,,,,,,,,,,,,,,,,,,,,,,,,,,,,,vllm,True,8,10342.302,10342.304,10342.304,1292.788,1292.788,97.828,MiniMax M2.7 NVFP4 / vllm / agg,True
minimax,MiniMax M2.7 NVFP4,agg,minimax/nvidia/MiniMax-M2.7-NVFP4_b300_sxm_auto_isl4000_osl1000_ttft2000_tpot30_671125/agg/pareto.csv,nvidia/MiniMax-M2.7-NVFP4,4000,1000,0,26,2.484,13.0,26.0,242.766,10.167,10399.839,2.484,1.242,2481.328,1240.664,98.355,2,1.0,1.0,2.0,1.0,2.0,tp1pp1dp2etp1ep2,nvfp4,fp8,bfloat16,nvfp4,half,74.721,0.006,2.0,11.0,8011.0,8000.0,11.0,vllm,0.19.0,b300_sxm,0.0,1240.664,,,,,,,,,,,,,,,,,,,,,,,,,,,,,,,,,,,,,,,,,,,,vllm,True,8,2481.328,9925.312,9925.312,1240.664,1240.664,98.355,MiniMax M2.7 NVFP4 / vllm / agg,True
minimax,MiniMax M2.7 NVFP4,agg,minimax/nvidia/MiniMax-M2.7-NVFP4_b300_sxm_auto_isl4000_osl1000_ttft2000_tpot30_671125/agg/pareto.csv,nvidia/MiniMax-M2.7-NVFP4,4000,1000,0,104,9.783,13.0,104.0,459.587,10.034,10483.54,9.783,1.223,9773.301,1221.663,99.661,8,1.0,1.0,8.0,1.0,8.0,tp1pp1dp8etp1ep8,nvfp4,fp8,bfloat16,nvfp4,half,30.582,0.006,2.0,11.0,8011.0,8000.0,11.0,vllm,0.19.0,b300_sxm,0.0,1221.663,,,,,,,,,,,,,,,,,,,,,,,,,,,,,,,,,,,,,,,,,,,,vllm,True,8,9773.301,9773.304,9773.304,1221.663,1221.663,99.661,MiniMax M2.7 NVFP4 / vllm / agg,True
minimax,MiniMax M2.7 NVFP4,agg,minimax/nvidia/MiniMax-M2.7-NVFP4_b300_sxm_auto_isl4000_osl1000_ttft2000_tpot30_671125/agg/pareto.csv,nvidia/MiniMax-M2.7-NVFP4,4000,1000,0,24,2.424,24.0,24.0,179.825,9.711,9881.291,2.424,1.212,2421.271,1210.635,102.974,2,2.0,1.0,1.0,1.0,2.0,tp2pp1dp1etp1ep2,nvfp4,fp8,bfloat16,nvfp4,half,72.353,0.012,2.0,22.0,8022.0,8000.0,22.0,vllm,0.19.0,b300_sxm,0.0,1210.635,,,,,,,,,,,,,,,,,,,,,,,,,,,,,,,,,,,,,,,,,,,,vllm,True,8,2421.271,9685.08,9685.08,1210.635,1210.635,102.974,MiniMax M2.7 NVFP4 / vllm / agg,True
minimax,MiniMax M2.7 NVFP4,agg,minimax/nvidia/MiniMax-M2.7-NVFP4_b300_sxm_auto_isl4000_osl1000_ttft2000_tpot30_671125/agg/pareto.csv,nvidia/MiniMax-M2.7-NVFP4,4000,1000,0,22,2.232,11.0,22.0,236.733,9.554,9781.239,2.232,1.116,2229.973,1114.987,104.668,2,1.0,1.0,2.0,1.0,2.0,tp1pp1dp2etp1ep2,nvfp4,fp8,bfloat16,nvfp4,half,73.538,0.006,2.0,9.0,8009.0,8000.0,9.0,vllm,0.19.0,b300_sxm,0.0,1114.987,,,,,,,,,,,,,,,,,,,,,,,,,,,,,,,,,,,,,,,,,,,,vllm,True,8,2229.973,8919.896,8919.896,1114.987,1114.987,104.668,MiniMax M2.7 NVFP4 / vllm / agg,True
minimax,MiniMax M2.7 NVFP4,agg,minimax/nvidia/MiniMax-M2.7-NVFP4_b300_sxm_auto_isl4000_osl1000_ttft2000_tpot30_671125/agg/pareto.csv,nvidia/MiniMax-M2.7-NVFP4,4000,1000,0,40,4.411,40.0,40.0,166.778,8.919,9076.802,4.411,1.103,4406.83,1101.708,112.121,4,4.0,1.0,1.0,1.0,4.0,tp4pp1dp1etp1ep4,nvfp4,fp8,bfloat16,nvfp4,half,40.876,0.02,2.0,38.0,8038.0,8000.0,38.0,vllm,0.19.0,b300_sxm,0.0,1101.708,,,,,,,,,,,,,,,,,,,,,,,,,,,,,,,,,,,,,,,,,,,,vllm,True,8,4406.83,8813.664,8813.664,1101.708,1101.708,112.121,MiniMax M2.7 NVFP4 / vllm / agg,True
minimax,MiniMax M2.7 NVFP4,agg,minimax/nvidia/MiniMax-M2.7-NVFP4_b300_sxm_auto_isl4000_osl1000_ttft2000_tpot30_671125/agg/pareto.csv,nvidia/MiniMax-M2.7-NVFP4,4000,1000,0,9,0.984,9.0,9.0,199.058,8.885,9074.75,0.984,0.984,983.452,983.452,112.555,1,1.0,1.0,1.0,1.0,1.0,tp1pp1dp1etp1ep1,nvfp4,fp8,bfloat16,nvfp4,half,131.207,0.004,2.0,7.0,8007.0,8000.0,7.0,vllm,0.19.0,b300_sxm,0.0,983.452,,,,,,,,,,,,,,,,,,,,,,,,,,,,,,,,,,,,,,,,,,,,vllm,True,8,983.452,7867.616,7867.616,983.452,983.452,112.555,MiniMax M2.7 NVFP4 / vllm / agg,True
minimax,MiniMax M2.7 NVFP4,agg,minimax/nvidia/MiniMax-M2.7-NVFP4_b300_sxm_auto_isl4000_osl1000_ttft2000_tpot30_671125/agg/pareto.csv,nvidia/MiniMax-M2.7-NVFP4,4000,1000,0,32,3.937,32.0,32.0,154.467,7.978,8124.311,3.937,0.984,3932.705,983.176,125.348,4,4.0,1.0,1.0,1.0,4.0,tp4pp1dp1etp1ep4,nvfp4,fp8,bfloat16,nvfp4,half,39.692,0.016,2.0,30.0,8030.0,8000.0,30.0,vllm,0.19.0,b300_sxm,0.0,983.176,,,,,,,,,,,,,,,,,,,,,,,,,,,,,,,,,,,,,,,,,,,,vllm,True,8,3932.705,7865.408,7865.408,983.176,983.176,125.348,MiniMax M2.7 NVFP4 / vllm / agg,True
minimax,MiniMax M2.7 NVFP4,agg,minimax/nvidia/MiniMax-M2.7-NVFP4_b300_sxm_auto_isl4000_osl1000_ttft2000_tpot30_671125/agg/pareto.csv,nvidia/MiniMax-M2.7-NVFP4,4000,1000,0,28,3.578,28.0,28.0,148.462,7.674,7814.675,3.578,0.895,3574.456,893.614,130.312,4,4.0,1.0,1.0,1.0,4.0,tp4pp1dp1etp1ep4,nvfp4,fp8,bfloat16,nvfp4,half,39.101,0.014,2.0,26.0,8026.0,8000.0,26.0,vllm,0.19.0,b300_sxm,0.0,893.614,,,,,,,,,,,,,,,,,,,,,,,,,,,,,,,,,,,,,,,,,,,,vllm,True,8,3574.456,7148.912,7148.912,893.614,893.614,130.312,MiniMax M2.7 NVFP4 / vllm / agg,True
minimax,MiniMax M2.7 NVFP4,agg,minimax/nvidia/MiniMax-M2.7-NVFP4_b300_sxm_auto_isl4000_osl1000_ttft2000_tpot30_671125/agg/pareto.csv,nvidia/MiniMax-M2.7-NVFP4,4000,1000,0,6,0.798,6.0,6.0,189.179,7.343,7524.497,0.798,0.798,797.376,797.376,136.19,1,1.0,1.0,1.0,1.0,1.0,tp1pp1dp1etp1ep1,nvfp4,fp8,bfloat16,nvfp4,half,129.432,0.003,2.0,4.0,8004.0,8000.0,4.0,vllm,0.19.0,b300_sxm,0.0,797.376,,,,,,,,,,,,,,,,,,,,,,,,,,,,,,,,,,,,,,,,,,,,vllm,True,8,797.376,6379.008,6379.008,797.376,797.376,136.19,MiniMax M2.7 NVFP4 / vllm / agg,True
minimax,MiniMax M2.7 NVFP4,agg,minimax/nvidia/MiniMax-M2.7-NVFP4_b300_sxm_auto_isl4000_osl1000_ttft2000_tpot30_671125/agg/pareto.csv,nvidia/MiniMax-M2.7-NVFP4,4000,1000,0,5,0.712,5.0,5.0,189.112,6.848,7030.639,0.712,0.712,711.154,711.154,146.02,1,1.0,1.0,1.0,1.0,1.0,tp1pp1dp1etp1ep1,nvfp4,fp8,bfloat16,nvfp4,half,128.84,0.002,2.0,3.0,8003.0,8000.0,3.0,vllm,0.19.0,b300_sxm,0.0,711.154,,,,,,,,,,,,,,,,,,,,,,,,,,,,,,,,,,,,,,,,,,,,vllm,True,8,711.154,5689.232,5689.232,711.154,711.154,146.02,MiniMax M2.7 NVFP4 / vllm / agg,True
minimax,MiniMax M2.7 NVFP4,agg,minimax/nvidia/MiniMax-M2.7-NVFP4_b300_sxm_auto_isl4000_osl1000_ttft2000_tpot30_671125/agg/pareto.csv,nvidia/MiniMax-M2.7-NVFP4,4000,1000,0,4,0.626,4.0,4.0,184.32,6.306,6484.463,0.626,0.626,624.896,624.896,158.568,1,1.0,1.0,1.0,1.0,1.0,tp1pp1dp1etp1ep1,nvfp4,fp8,bfloat16,nvfp4,half,128.249,0.002,2.0,2.0,8002.0,8000.0,2.0,vllm,0.19.0,b300_sxm,0.0,624.896,,,,,,,,,,,,,,,,,,,,,,,,,,,,,,,,,,,,,,,,,,,,vllm,True,8,624.896,4999.168,4999.168,624.896,624.896,158.568,MiniMax M2.7 NVFP4 / vllm / agg,True
minimax,MiniMax M2.7 NVFP4,agg,minimax/nvidia/MiniMax-M2.7-NVFP4_b300_sxm_auto_isl4000_osl1000_ttft2000_tpot30_671125/agg/pareto.csv,nvidia/MiniMax-M2.7-NVFP4,4000,1000,0,4,0.622,4.0,4.0,122.107,6.272,6387.399,0.622,0.622,621.323,621.323,159.45,1,1.0,1.0,1.0,1.0,1.0,tp1pp1dp1etp1ep1,nvfp4,fp8,bfloat16,nvfp4,half,127.242,0.004,1.0,3.0,4003.0,4000.0,3.0,vllm,0.19.0,b300_sxm,0.0,621.323,,,,,,,,,,,,,,,,,,,,,,,,,,,,,,,,,,,,,,,,,,,,vllm,True,8,621.323,4970.584,4970.584,621.323,621.323,159.45,MiniMax M2.7 NVFP4 / vllm / agg,True
minimax,MiniMax M2.7 NVFP4,agg,minimax/nvidia/MiniMax-M2.7-NVFP4_b300_sxm_auto_isl4000_osl1000_ttft2000_tpot30_671125/agg/pareto.csv,nvidia/MiniMax-M2.7-NVFP4,4000,1000,0,3,0.517,3.0,3.0,119.066,5.699,5812.742,0.517,0.517,516.097,516.097,175.458,1,1.0,1.0,1.0,1.0,1.0,tp1pp1dp1etp1ep1,nvfp4,fp8,bfloat16,nvfp4,half,126.651,0.003,1.0,2.0,4002.0,4000.0,2.0,vllm,0.19.0,b300_sxm,0.0,516.097,,,,,,,,,,,,,,,,,,,,,,,,,,,,,,,,,,,,,,,,,,,,vllm,True,8,516.097,4128.776,4128.776,516.097,516.097,175.458,MiniMax M2.7 NVFP4 / vllm / agg,True
minimax,MiniMax M2.7 NVFP4,agg,minimax/nvidia/MiniMax-M2.7-NVFP4_b300_sxm_auto_isl4000_osl1000_ttft2000_tpot30_671125/agg/pareto.csv,nvidia/MiniMax-M2.7-NVFP4,4000,1000,0,2,0.384,2.0,2.0,115.987,5.156,5266.848,0.384,0.384,383.468,383.468,193.948,1,1.0,1.0,1.0,1.0,1.0,tp1pp1dp1etp1ep1,nvfp4,fp8,bfloat16,nvfp4,half,126.059,0.002,1.0,1.0,4001.0,4000.0,1.0,vllm,0.19.0,b300_sxm,0.0,383.468,,,,,,,,,,,,,,,,,,,,,,,,,,,,,,,,,,,,,,,,,,,,vllm,True,8,383.468,3067.744,3067.744,383.468,383.468,193.948,MiniMax M2.7 NVFP4 / vllm / agg,True
minimax,MiniMax M2.7 NVFP4,agg,minimax/nvidia/MiniMax-M2.7-NVFP4_b300_sxm_auto_isl4000_osl1000_ttft2000_tpot30_671125/agg/pareto.csv,nvidia/MiniMax-M2.7-NVFP4,4000,1000,0,5,0.968,5.0,5.0,121.318,5.055,5171.007,0.968,0.242,966.908,241.727,197.834,4,4.0,1.0,1.0,4.0,1.0,tp4pp1dp1etp4ep1,nvfp4,fp8,bfloat16,nvfp4,half,35.698,0.002,2.0,3.0,8003.0,8000.0,3.0,vllm,0.19.0,b300_sxm,0.0,241.727,,,,,,,,,,,,,,,,,,,,,,,,,,,,,,,,,,,,,,,,,,,,vllm,True,8,966.908,1933.816,1933.816,241.727,241.727,197.834,MiniMax M2.7 NVFP4 / vllm / agg,True
minimax,MiniMax M2.7 NVFP4,agg,minimax/nvidia/MiniMax-M2.7-NVFP4_b300_sxm_auto_isl4000_osl1000_ttft2000_tpot30_671125/agg/pareto.csv,nvidia/MiniMax-M2.7-NVFP4,4000,1000,0,1,0.239,1.0,1.0,111.908,4.128,4235.548,0.239,0.239,238.85,238.85,242.262,1,1.0,1.0,1.0,1.0,1.0,tp1pp1dp1etp1ep1,nvfp4,fp8,bfloat16,nvfp4,half,125.467,0.001,1.0,1.0,4000.0,4000.0,1.0,vllm,0.19.0,b300_sxm,0.0,238.85,,,,,,,,,,,,,,,,,,,,,,,,,,,,,,,,,,,,,,,,,,,,vllm,True,8,238.85,1910.8,1910.8,238.85,238.85,242.262,MiniMax M2.7 NVFP4 / vllm / agg,True
